Strain,V1,V2,V3,V4,V5,V6,V7,V8,V9,V10,V11,V12,V13,V14,V15,V16,V17,V18,V19,V20,V21,V22,V23,V24,V25,V26,V27,V28,V29,V30,V31,V32,V33,V34,V35,V36,V37,V38,V39,V40,V41,V42,V43,V44,V45,V46,V47,V48,V49,V50,V51,V52,V53,V54,V55,V56,V57,V58,V59,V60,V61,V62,V63,V64,V65,V66,V67,V68,V69,V70,V71,V72,V73,V74,V75,V76,V77,V78,V79,V80,V81,V82,V83,V84,V85,V86,V87,V88,V89,V90,V91,V92,V93,V94,V95,V96,V97,V98,V99,V100,V101,V102,V103,V104,V105,V106,V107,V108,V109,V110,V111,V112,V113,V114,V115,V116,V117,V118,V119,V120,V121,V122,V123,V124,V125,V126,V127,V128,V129,V130,V131,V132,V133,V134,V135,V136,V137,V138,V139,V140,V141,V142,V143,V144,V145,V146,V147,V148,V149,V150,V151,V152,V153,V154,V155,V156,V157,V158,V159,V160,V161,V162,V163,V164,V165,V166,V167,V168,V169,V170,V171,V172,V173,V174,V175,V176,V177,V178,V179,V180,V181,V182,V183,V184,V185,V186,V187,V188,V189,V190,V191,V192,V193,V194,V195,V196,V197,V198,V199,V200,V201,V202,V203,V204,V205,V206,V207,V208,V209,V210,V211,V212,V213,V214,V215,V216,V217,V218,V219,V220,V221,V222,V223,V224,V225,V226,V227,V228,V229,V230
CC027,3641,0,0,0,0,0,0,0,0,0,0,0,0,0,0,0,0,0,0,0,0,0,0,0,0,22,0,0,3333,11077,0,0,0,0,2030,0,3987,0,1160,0,0,333,0,232,539,1758,0,10497,5496,0,0,33,56168,3987,2079,0,0,0,0,0,0,0,0,0,0,0,0,30,0,0,0,2859,0,8,0,0,0,0,0,0,7,0,0,23,0,29845,32749,649,1968,0,0,94,0,0,5762,5895,0,0,0,0,255,0,2,0,10,0,25,12,0,77,4,3260,0,302,269,0,0,0,0,2315,129,0,11,24,33,1085,3,0,0,0,0,1182,280,0,21,0,14,0,508,1862,164,622,0,0,0,5,0,1302,5,0,1457,16933,0,150,0,0,0,36,168,0,0,0,0,0,0,545,0,0,0,0,0,0,0,0,0,0,7,0,0,0,0,0,0,0,0,0,0,1906,0,0,0,0,0,0,0,0,0,53,3125,0,0,0,0,35663,61,0,4,0,0,0,0,0,0,0,0,0,0,0,0,0,4759,0,0,20019,1441,0,17,0,0,0
CC027,1984,0,0,0,0,0,0,0,0,0,0,0,0,0,0,0,0,0,0,0,0,0,0,0,0,1191,0,0,641,1963,0,0,0,0,2120,0,2444,0,323,0,0,136,0,0,410,799,0,5891,1037,0,0,10,36372,4207,0,0,0,0,0,0,0,0,0,0,0,0,0,0,0,0,0,72,0,0,0,0,0,0,0,0,0,0,0,10,0,23603,24475,51,1252,0,0,15,11,0,2465,1334,3,0,0,0,0,45,12,0,0,0,0,0,0,25,7,907,0,136,104,0,0,0,0,51,53,0,0,0,0,521,0,0,0,0,0,338,132,0,0,0,0,0,22,382,0,91,35,0,0,0,0,234,0,20500,483,7040,0,23,0,0,0,82,152,0,0,0,0,0,0,0,0,0,0,0,0,0,0,0,2,0,4,0,0,0,0,0,0,0,0,0,0,599,0,0,0,0,0,0,0,0,0,4,970,0,0,0,0,3099,10,0,0,0,0,0,0,5,0,0,0,0,0,0,0,0,4808,0,16,4025,569,0,368,0,0,0
CC027,384,5,0,0,0,0,0,0,0,0,0,0,0,0,0,0,0,0,0,0,0,0,0,0,0,1675,0,0,2821,3517,0,0,0,0,3793,0,8991,0,375,0,0,61,0,0,531,1138,0,9417,1755,0,0,5,51920,2611,0,0,0,0,0,0,0,0,0,0,0,0,0,0,0,0,0,60,0,4,0,0,0,0,0,0,0,0,0,25,0,18650,27294,0,826,0,0,0,6,0,2392,1179,0,0,30,0,0,0,0,0,0,0,0,0,0,19,3,362,0,476,133,0,0,0,0,301,40,8,0,0,0,425,0,0,0,0,0,309,258,0,0,0,0,4,66,783,0,5,74,0,0,0,0,270,8,21372,515,9723,0,50,0,0,0,125,160,0,0,0,0,0,0,78,0,0,0,0,0,0,0,0,0,0,0,0,0,0,0,0,0,0,0,0,0,852,0,0,0,0,0,0,0,0,0,0,1679,0,0,0,0,1649,24,0,0,0,0,0,0,0,7,0,0,0,0,0,2,0,5622,0,0,3505,4018,0,1838,0,0,0
CC027,3019,0,0,0,0,0,0,0,0,0,0,0,0,0,0,0,0,0,0,0,0,0,0,0,0,4571,0,0,2739,2186,0,0,0,0,3445,0,4829,0,458,0,0,97,0,0,789,676,0,2010,345,0,0,20,17710,2590,0,0,0,0,0,0,0,0,0,0,0,0,0,0,0,0,0,54,0,0,0,0,0,0,0,0,0,0,2,0,0,21080,24644,0,1742,0,0,0,5,0,1639,326,2,0,21,0,0,0,0,0,0,0,0,0,0,14,12,244,0,0,477,0,0,0,0,0,105,3,0,0,0,507,0,0,0,6,0,177,0,0,0,0,0,0,27,572,0,19,53,0,0,0,0,1166,0,10795,475,4885,0,43,0,0,0,48,99,0,0,0,0,0,0,51,0,0,0,0,0,0,0,0,0,0,0,0,0,0,0,0,0,0,0,0,0,731,0,0,0,0,0,0,0,0,0,2,118,0,0,0,0,878,17,0,0,0,0,0,0,0,0,0,0,0,0,0,0,0,2487,0,0,5136,188,0,4419,0,0,0
CC027,1910,7,0,0,0,0,0,0,0,0,0,0,0,0,0,0,0,0,0,0,0,0,0,0,0,1028,0,0,274,2880,0,0,0,0,5290,0,4366,0,527,0,0,401,0,169,223,3795,0,11733,3705,0,0,47,30300,5967,0,0,0,0,0,0,0,0,0,0,0,0,0,62,0,0,0,377,0,3,0,0,0,0,0,0,0,0,0,0,0,19609,21464,0,932,0,0,0,1885,0,4260,5619,0,0,126,0,0,182,0,0,0,0,0,0,0,213,9,1903,0,0,26,0,0,0,0,853,186,0,12,0,0,887,4,0,0,5,0,592,217,0,4,59,14,0,304,2482,10,732,0,0,0,0,0,523,6,10,375,8925,0,20,0,0,0,17,63,0,0,0,0,0,0,109,0,0,0,0,0,0,0,0,0,0,0,0,0,0,0,0,0,0,0,0,0,332,0,0,0,0,0,0,0,0,0,76,1550,0,0,0,0,11214,0,0,0,0,0,0,0,0,0,0,0,0,0,0,0,0,10530,0,0,14823,5150,0,0,0,0,0
CC027,1421,0,0,0,0,0,0,0,0,0,0,0,0,0,0,0,0,0,0,0,0,0,0,0,0,7,0,0,54,3433,0,0,0,0,2545,0,1464,0,1545,0,0,1081,0,24,13,87,0,19280,11560,0,0,71,28809,17912,0,0,0,0,0,0,0,0,0,0,0,0,0,0,0,0,0,21873,0,0,0,10,0,0,0,0,0,0,0,0,0,10302,28447,0,182,0,0,7,0,0,2627,3343,3,0,0,0,135,0,0,0,0,10,21,0,0,439,11,7065,0,104,15,0,0,0,0,1683,325,36,14,154,0,1556,0,0,0,0,8,643,361,0,10,0,0,0,142,1135,0,450,0,0,0,0,0,547,0,6,47,287,0,2,0,0,0,4,25,0,0,0,0,0,0,11,0,0,0,0,0,0,0,0,0,0,0,0,0,0,0,0,0,0,0,0,0,213,0,0,0,0,0,0,0,0,0,101,14438,0,0,0,0,7246,31,0,0,0,0,0,0,0,6,0,0,0,0,0,0,0,4841,0,0,714,822,0,12,0,0,0
CC027,2269,15,0,0,0,0,0,0,0,0,0,0,0,0,0,0,0,0,0,0,0,0,0,0,0,4843,0,0,2169,3680,0,0,2,0,1999,0,12378,10,13870,0,0,1193,0,1323,2925,6402,2,12052,1500,0,0,11,42286,25776,0,0,0,0,0,0,0,0,0,0,0,0,0,0,0,0,0,708,0,4,0,0,0,0,0,0,0,0,0,18,0,29491,13799,0,722,0,0,9,0,0,11358,5509,0,0,0,0,142,0,0,0,0,0,0,0,0,227,5,4470,0,0,83,0,15,10,0,163,39,12,0,0,0,417,3,0,0,0,0,1496,2243,0,0,0,0,0,563,4235,443,383,0,0,0,0,5,1396,10,71,1412,14131,0,80,0,0,0,77,151,0,0,0,0,0,0,1967,0,0,0,0,0,0,0,0,0,0,3,0,0,0,0,0,0,0,0,0,0,5225,0,0,0,0,0,0,0,0,0,43,116,0,0,0,0,6190,18,0,0,0,0,0,0,0,2,0,0,0,0,0,0,0,2169,0,0,7273,3026,0,13085,0,0,0
CC027,794,0,0,0,0,0,0,0,0,0,0,0,0,0,0,0,0,0,0,0,0,0,0,0,0,1561,0,0,509,2346,0,0,0,2,1738,0,1870,0,897,0,0,506,0,110,525,518,0,6547,1826,0,0,33,30171,7679,24,0,0,0,0,0,0,0,0,0,0,0,0,0,0,0,0,277,0,0,0,0,0,0,0,0,0,0,0,0,0,7571,22256,0,228,0,0,0,0,0,4449,1716,3,0,0,0,17,0,0,0,0,0,0,0,0,102,6,1443,0,17,15,0,0,0,0,1127,85,6,0,357,0,887,0,0,0,0,0,1108,260,0,0,0,5,0,241,951,0,405,283,0,0,0,0,280,10,1141,84,10581,0,3,0,0,0,19,109,0,0,0,0,0,0,42,0,0,0,0,0,0,0,0,0,0,0,0,0,0,0,0,0,0,0,0,0,769,0,0,0,0,0,0,0,0,0,21,3476,0,0,0,0,917,0,0,0,0,0,0,0,0,0,0,0,0,0,0,0,0,5545,0,0,2424,784,0,14,0,0,0
CC027,603,0,0,0,0,0,0,0,0,0,0,0,0,0,0,0,0,0,0,0,0,0,0,0,0,552,0,0,241,2926,0,0,0,2,550,0,1314,0,136,0,0,209,0,24,64,504,0,4707,1648,0,0,12,13865,2076,0,0,0,0,0,0,0,0,0,0,0,0,0,2,0,0,0,680,0,16,0,0,0,0,0,0,0,0,0,0,0,13966,23048,0,707,15,0,0,1558,4,2195,3326,7,0,159,0,0,168,0,0,0,0,0,0,0,85,0,1434,0,129,19,0,0,0,0,1289,93,5,0,71,0,569,0,0,0,0,0,252,100,0,0,7,7,0,92,657,10,350,0,0,0,0,0,250,7,3,54,7892,0,8,0,0,0,5,36,0,0,0,0,0,0,13,0,0,0,0,0,0,0,0,0,0,0,0,0,0,0,0,0,0,0,0,0,124,0,0,0,0,0,0,0,0,0,48,2919,0,0,0,0,5328,9,0,0,0,0,0,0,0,0,2,0,0,0,0,0,0,4173,0,0,1726,803,0,3,0,0,0
CC027,1246,0,0,0,0,0,0,0,0,0,0,0,0,0,0,0,0,0,0,0,0,0,0,0,0,19,0,0,449,4889,0,0,0,0,2826,0,4686,3,1012,0,0,813,0,17,205,1682,0,9659,2598,0,0,11,49331,2539,3966,0,0,0,0,0,0,0,0,0,0,0,0,0,0,0,0,928,0,0,0,0,0,0,0,0,0,0,0,10,0,41375,17515,313,1841,5,0,24,0,0,4740,5909,3,0,0,0,1696,0,7,0,0,0,0,11,0,255,7,5856,0,4,42,0,11,0,0,2348,63,12,0,169,0,1211,0,0,0,0,0,460,295,0,25,0,0,0,339,1344,38,534,0,0,0,0,0,716,8,3,778,1657,0,21,0,0,0,4,21,0,0,0,0,0,0,52,0,0,0,0,0,0,0,0,0,0,0,0,0,0,0,0,0,0,0,0,0,557,0,0,0,0,0,0,0,0,0,107,2897,0,0,0,0,18129,23,0,0,0,0,0,0,0,4,0,0,0,0,0,0,0,5639,0,0,2515,1197,0,17,0,0,0
CC027,355,0,0,0,0,0,0,0,0,0,0,0,0,0,0,0,0,0,0,0,0,0,0,0,0,40,0,0,423,4302,0,0,0,3,1632,0,3832,0,3762,0,0,703,0,392,1409,1816,0,7107,9764,0,0,27,46813,921,5105,0,0,0,0,0,0,0,0,0,0,0,0,5,0,0,0,10445,0,0,0,0,0,0,0,0,0,0,0,0,0,28885,3985,158,1777,0,0,0,0,0,7487,7945,13,0,0,0,195,0,12,0,24,0,0,16,0,164,16,17375,0,0,72,0,0,0,0,2826,67,0,0,579,0,2581,22,0,0,0,5,2571,739,0,7,0,7,0,569,4888,435,2207,0,0,0,0,0,949,31,0,276,1741,0,241,0,0,0,0,19,0,0,0,0,0,0,327,0,0,0,0,0,0,0,0,0,0,0,0,0,0,0,0,0,0,0,0,0,453,0,0,0,0,0,0,0,0,0,374,9853,0,0,0,0,11526,5,0,0,0,0,0,0,7,0,0,0,0,0,0,0,0,4743,0,0,2688,3000,0,0,0,0,0
CC027,633,0,0,0,0,0,0,0,0,0,0,0,0,0,0,0,0,0,0,0,0,0,0,0,0,767,0,0,2161,3509,0,0,0,0,1608,0,3908,0,1077,0,0,398,0,292,1268,876,0,9887,3817,0,0,24,32163,1571,2497,0,0,0,0,0,0,0,0,0,0,0,0,3,0,0,0,9542,0,0,0,0,0,0,0,0,0,0,0,0,0,11495,22281,99,209,0,0,0,0,0,3646,4177,4,0,0,0,7,0,8,0,0,0,0,0,0,66,20,1855,0,0,45,0,0,0,0,1580,133,5,0,610,0,2212,0,0,0,18,0,2461,388,0,4,0,0,0,566,1610,40,425,0,0,0,0,0,547,0,7,267,11191,0,39,0,0,0,20,44,0,0,0,0,0,0,141,0,0,0,0,0,0,0,0,0,0,0,0,0,0,0,0,0,0,0,0,0,321,0,0,0,0,0,0,0,0,0,58,6504,0,0,0,0,12108,6,0,0,0,0,0,0,0,0,0,0,0,0,0,0,0,7611,0,0,3054,1205,0,9,0,0,0
CC027,223,0,0,0,0,0,0,0,0,0,0,0,0,0,0,0,0,0,0,0,0,0,0,0,0,92,0,0,205,2829,0,0,0,0,505,0,1239,39,2160,0,0,67,0,101,166,1706,0,5271,3629,0,0,7,15705,671,757,0,0,0,0,0,0,0,0,0,0,0,0,0,0,0,0,3723,0,0,0,0,0,0,0,0,0,0,0,0,0,12199,8833,0,186,0,0,0,0,0,3327,2201,7,0,0,0,14,0,0,0,0,0,0,0,0,172,23,4110,0,0,17,0,0,0,0,68,450,16,0,0,0,2032,0,0,0,0,0,1526,414,0,3,0,8,0,383,2030,0,540,13,0,0,0,0,1068,0,5,527,1302,0,21,0,0,0,20,13,0,0,0,0,0,0,6,0,0,0,0,0,0,0,0,0,0,0,0,0,0,0,0,0,0,0,0,0,125,0,0,0,0,0,0,0,0,0,133,3845,0,0,0,0,2800,13,0,0,0,0,0,0,0,8,0,0,0,0,0,0,0,1008,0,0,2600,416,0,276,0,0,0
CC027,1339,0,0,0,0,0,0,0,0,0,0,0,0,0,0,0,0,0,0,0,0,0,0,0,0,366,0,0,278,2907,0,0,0,0,1275,0,5017,0,3475,0,0,1131,0,515,1482,770,7,13803,2135,0,0,67,41452,9763,450,0,0,0,0,0,0,0,0,0,0,0,0,6,0,0,0,82,0,0,0,0,0,0,0,0,0,0,0,0,0,15171,15777,35,713,0,0,28,0,0,2425,4547,0,0,0,0,414,0,4,12,0,0,0,0,0,33,0,578,0,506,26,0,20,0,0,440,0,0,0,37,0,210,0,0,0,0,0,165,1188,0,0,0,0,0,80,382,96,88,0,0,0,0,0,195,0,11,97,5452,0,11,0,0,0,33,158,0,0,0,0,0,0,44,0,0,0,0,0,0,0,0,0,0,0,0,0,0,0,0,0,0,0,0,0,832,0,0,0,0,0,0,0,0,0,5,151,0,0,0,0,16822,13,0,0,0,0,0,0,0,7,0,0,0,0,0,0,0,6999,0,0,283,2595,0,1929,0,0,0
CC027,1293,4,0,0,0,0,2,0,0,0,0,0,0,0,0,0,0,0,0,0,0,0,0,0,0,1443,0,0,1328,5596,0,0,0,0,1169,0,1297,3,4035,0,0,633,0,164,999,926,0,9196,1178,0,0,51,51000,6621,1757,0,0,0,0,0,0,0,0,0,0,0,0,15,0,0,0,1233,0,0,0,0,0,0,0,0,0,0,0,20,0,27275,29580,40,1247,6,0,24,4,0,4150,3294,4,0,0,0,200,0,16,11,0,0,0,0,0,126,4,3388,0,107,96,0,0,0,0,2027,81,6,7,815,0,1377,3,0,0,0,0,718,319,0,5,0,0,0,188,1376,518,529,0,0,2,0,0,731,0,25,237,13169,0,30,0,0,0,3,84,0,0,0,0,0,0,242,0,0,0,0,0,0,0,0,0,0,2,0,0,0,0,0,0,0,0,0,0,1006,0,0,0,0,0,0,0,0,0,24,3965,0,0,0,0,14114,34,0,0,0,0,0,0,0,0,0,0,0,0,0,0,0,6071,0,0,5973,2640,0,626,0,0,0
CC027,753,4,0,0,0,0,0,0,0,0,0,0,0,0,0,0,0,0,0,0,0,0,0,0,0,2587,0,0,2513,4871,0,0,0,2,609,0,3000,0,5307,0,0,675,0,482,1389,1570,0,9225,727,0,0,33,44154,1903,9864,0,0,0,0,0,0,0,0,0,0,0,0,355,0,0,0,316,0,2,0,0,0,0,0,0,0,0,0,0,0,15241,13635,5,653,0,0,0,0,15,4476,13927,2,0,0,0,143,0,15,0,0,0,0,0,0,154,8,3403,0,0,75,0,0,0,0,1730,45,13,0,1058,0,970,8,0,0,0,0,1454,1694,0,9,0,0,0,620,3567,0,263,2095,0,0,0,0,928,28,0,358,9189,0,35,0,0,0,72,137,0,2,0,0,0,0,1295,0,0,0,2,0,0,0,0,0,0,8,0,0,0,0,0,0,0,0,0,0,1101,0,0,0,0,0,0,0,0,0,23,244,0,0,0,0,1241,5,0,0,0,0,0,0,0,0,0,0,0,0,0,0,0,6504,0,0,1547,6949,0,2495,0,0,0
CC027,464,0,4,0,0,0,0,0,5,0,0,0,8,0,0,0,0,5,0,0,0,0,0,6,0,345,0,0,736,3080,0,0,0,6,1052,0,10571,0,2001,0,0,1518,0,397,1598,555,0,9400,7859,0,0,16,29869,5119,132,0,0,0,0,0,0,0,0,0,0,0,0,77,0,164,14,1643,0,0,0,0,0,0,0,0,0,0,0,0,0,16136,16334,0,565,0,0,0,0,0,2929,3031,10,0,0,0,38,0,0,0,0,0,0,0,0,233,11,1311,0,52,19,0,10,0,0,579,72,0,0,231,0,1372,0,0,0,0,0,972,395,0,25,0,18,0,224,2430,30,1181,0,0,0,0,0,389,8,4,107,2174,0,24,0,0,3,0,28,0,0,0,0,0,0,46,0,0,0,0,0,0,0,0,0,0,0,0,0,0,0,0,0,0,0,0,2,850,0,0,0,6,0,0,0,3,0,171,4044,0,0,0,0,9195,9,0,0,0,0,2,0,0,0,0,0,0,0,0,0,0,9458,0,0,2045,1064,0,20,0,17,0
CC027,1230,0,0,0,0,0,0,0,0,37,0,0,0,0,0,0,0,0,0,7,0,0,0,0,0,3475,0,0,1542,3030,0,0,10,3,665,0,1308,0,2318,0,0,319,0,158,1231,2070,0,8803,4144,0,0,20,34760,8945,5614,2,6,36,0,0,11,0,9,2,23,2,0,191,0,0,0,346,4,16,0,0,0,0,0,0,0,0,0,23,6,32092,38207,0,1917,0,0,0,0,0,4640,5191,0,0,0,0,92,0,8,0,0,0,0,0,0,88,8,1110,0,76,136,0,72,0,0,434,42,0,0,424,0,848,0,0,0,0,0,1571,430,0,2,0,5,0,415,2453,0,248,155,0,0,0,0,542,0,1460,446,7908,0,42,0,0,0,79,198,0,14,2,3,13,0,473,27,0,27,0,5,11,13,3,0,0,10,15,36,8,0,0,0,3,4,0,0,558,29,0,0,14,0,0,6,0,0,24,2159,0,0,0,0,7133,430,0,0,0,0,0,0,0,0,0,22,0,0,8,0,0,9231,0,0,4462,1285,16,846,6,0,0
CC027,2493,0,0,0,0,0,0,0,0,0,0,0,0,0,0,0,0,0,0,0,0,0,0,0,0,3744,0,0,2910,1225,0,0,0,0,1198,0,1246,0,6954,0,0,428,0,814,622,2445,0,14934,730,0,0,13,48854,2680,0,0,0,0,0,0,0,0,0,0,0,0,0,808,0,0,0,163,0,0,0,0,0,0,0,0,0,0,0,21,0,11168,5608,0,386,0,0,5,7,0,3151,6117,0,0,0,0,269,0,0,0,0,0,0,0,0,180,0,1035,0,0,19,0,0,5,0,14,54,0,5,0,0,334,0,0,0,0,0,757,10,0,0,0,0,0,548,2370,0,396,672,0,0,0,0,590,0,29,51,4054,0,0,0,0,0,90,210,0,6,0,0,0,0,2371,0,0,0,0,0,0,0,0,0,0,0,0,0,0,0,0,0,0,0,0,0,2047,0,0,0,0,0,0,0,0,0,37,179,0,0,0,0,10624,7,0,0,0,0,0,0,0,0,0,0,0,0,0,0,0,1287,0,0,1998,1673,0,18354,0,0,0
CC027,540,2,0,0,0,0,0,0,0,0,0,0,0,0,0,0,0,0,0,0,0,0,0,0,0,579,0,0,273,1154,0,0,0,0,507,0,3748,14,1623,0,0,1042,13,128,395,2093,0,7437,1179,0,0,8,43377,2318,4438,0,0,0,0,0,0,0,0,0,0,0,0,42,0,0,0,115,0,0,0,0,0,0,0,0,0,0,0,28,0,25714,16082,0,984,0,0,0,0,2,1472,3851,0,0,0,0,211,0,0,0,0,0,0,0,0,59,4,1442,87,1529,43,0,0,0,0,489,29,0,0,662,0,340,0,0,0,0,0,357,159,0,3,0,0,0,227,677,0,467,300,0,0,0,0,183,0,22,92,2292,0,16,0,0,0,39,173,0,0,0,0,0,0,179,0,0,0,0,0,0,0,0,0,0,0,0,0,0,0,0,0,0,0,0,0,239,0,0,0,0,0,0,0,0,0,7,169,0,0,0,0,11099,15,0,0,0,0,0,0,0,0,0,0,0,0,0,0,0,7442,0,0,2368,3081,0,72,0,0,0
CC027,1550,0,0,0,0,0,0,0,0,0,0,0,0,0,0,0,0,0,0,0,0,0,0,0,0,2378,0,0,2848,2781,0,0,0,6,2266,0,962,14,1250,0,0,1503,0,240,742,1635,0,14363,6577,0,0,26,43634,5915,213,0,0,0,0,0,0,0,0,0,0,0,0,17,0,0,0,567,0,0,0,0,0,0,0,0,0,0,0,34,0,27696,23898,0,1262,0,0,0,0,0,3655,8555,3,0,0,0,173,0,0,0,0,0,0,0,0,97,5,3125,0,41,30,0,32,0,0,1770,89,0,0,1091,0,2281,0,0,3,0,3,1136,283,0,8,0,3,0,468,1622,0,2528,247,0,0,0,0,358,5,1068,12,8224,0,13,0,0,0,49,96,0,18,0,0,0,0,587,0,0,0,0,0,0,0,0,0,0,0,0,0,0,0,0,0,0,0,0,0,727,0,0,0,0,0,0,0,0,0,86,2233,0,0,0,0,13918,70,0,0,0,0,0,0,0,3,0,0,0,0,0,0,0,14134,0,0,3391,6545,0,104,0,0,0
CC027,748,0,0,0,0,0,0,0,0,0,0,0,0,0,0,0,0,0,0,0,0,0,0,0,0,1383,0,0,907,2310,0,0,0,23,909,0,3960,0,1189,0,0,743,0,267,1320,1623,0,8468,1095,0,0,17,36341,3651,0,0,0,0,0,0,0,0,0,0,0,0,0,56,0,0,0,219,0,0,0,0,0,0,0,0,0,0,0,6,0,11600,12652,0,578,0,0,0,0,0,4872,7789,0,0,118,0,141,156,6,0,0,0,0,0,0,100,0,3700,0,2186,29,31,0,0,0,2271,79,6,0,817,0,960,8,0,0,0,0,1222,201,0,8,0,0,0,421,2205,823,407,0,0,0,0,0,432,19,313,515,9663,0,50,0,0,0,5,92,0,0,0,0,0,0,734,0,0,0,0,0,0,0,0,0,0,5,0,0,0,0,0,0,0,0,0,0,1532,0,0,0,0,0,0,0,0,0,6,333,0,0,0,0,9346,0,0,0,0,0,0,0,0,2,0,0,0,0,0,0,0,7412,0,0,6662,3110,0,1626,0,0,0
CC027,452,0,0,0,0,0,0,0,0,0,0,0,0,0,0,0,0,0,0,0,0,0,0,0,0,202,0,0,526,3319,0,0,0,0,1461,0,1612,0,5256,0,0,423,0,758,1038,3716,0,6589,6894,0,0,32,34405,4522,0,0,0,0,0,0,0,0,0,0,0,0,0,14,0,0,0,343,0,0,0,0,0,0,0,0,0,0,0,6,0,10534,7886,0,1094,0,0,9,0,0,987,6705,0,0,0,0,51,0,0,0,0,8,0,0,0,113,7,978,0,0,21,0,0,0,0,208,11,0,0,0,0,1954,0,0,0,0,0,773,172,0,0,0,5,0,48,1213,97,282,0,0,0,0,0,351,0,121,303,5194,0,31,0,0,0,51,20,0,0,0,0,0,0,505,0,0,0,0,0,0,0,0,0,0,0,0,0,0,0,0,0,0,0,0,0,548,0,0,0,0,0,0,0,0,0,20,1652,0,0,0,0,1287,10,0,0,0,0,0,0,0,0,0,0,0,0,0,0,0,5287,0,0,4396,2251,0,2406,0,0,0
CC027,194,0,0,0,0,0,0,0,0,0,0,0,0,2,0,0,0,0,0,0,0,0,0,0,0,287,0,5,464,7731,0,0,0,0,1078,0,1570,0,6188,0,0,571,0,657,952,4340,0,7949,8429,0,0,55,47715,1944,0,0,0,0,2,0,0,0,0,0,0,0,0,54,0,0,0,8857,0,5,0,0,0,0,0,0,0,0,0,10,0,11586,13924,0,799,0,0,17,0,0,2551,9124,5,0,18,0,32,0,0,0,0,0,0,0,0,166,20,1902,0,0,49,0,0,0,0,613,90,10,0,0,0,2369,12,0,0,0,0,2357,840,0,6,0,9,0,703,3154,130,982,0,0,0,0,0,857,14,242,563,6921,0,39,0,0,0,29,48,0,7,0,0,0,0,389,0,0,0,0,0,0,0,0,0,0,0,0,0,0,0,0,0,0,0,0,0,429,0,0,0,0,0,0,0,0,0,407,6144,0,0,0,0,9777,0,0,0,0,0,0,0,0,0,0,0,0,0,0,0,0,12724,0,0,1610,2227,0,13739,0,0,0
CC027,862,5,0,0,0,0,0,0,0,0,0,0,0,0,0,0,0,0,0,0,0,0,0,0,0,3320,0,0,511,1311,0,0,0,0,654,0,2709,0,1789,0,0,439,0,175,706,1845,0,6981,1543,0,0,10,32702,4592,0,0,0,0,0,0,0,0,0,0,0,0,0,139,0,0,0,72,0,0,0,0,0,0,0,0,0,0,0,7,0,9465,5469,0,673,0,0,13,0,0,5344,3847,0,0,13,0,429,0,0,0,0,0,0,0,0,73,0,2764,0,0,49,0,0,0,0,1842,40,5,0,0,0,499,8,0,0,0,0,1079,153,0,10,0,0,0,488,2360,0,339,1352,0,0,0,0,469,6,176,221,14533,0,58,0,0,0,25,91,0,0,0,0,0,0,1184,0,0,0,0,0,0,0,0,0,0,0,0,0,0,0,0,0,0,4,0,0,1156,0,0,0,0,0,0,0,0,0,38,118,0,0,0,0,4793,0,0,0,0,0,0,0,0,0,0,0,0,0,0,0,0,1290,0,0,2892,1257,0,399,0,0,0
CC027,993,0,0,0,0,0,6,0,0,0,0,0,0,0,0,0,0,0,0,0,0,0,0,0,0,676,0,0,909,3936,0,0,0,0,844,0,3111,0,4200,0,0,489,0,326,1144,1699,0,6376,3430,0,0,10,31096,7608,7,0,0,0,0,0,0,0,0,0,0,0,0,67,0,0,0,378,0,0,0,0,0,0,0,0,0,0,0,18,0,15354,22096,0,1219,0,0,15,6,0,5482,11160,0,0,0,0,886,0,0,13,0,0,0,0,0,97,12,2750,0,0,61,0,163,0,0,393,113,0,0,0,0,1123,0,0,0,0,0,1552,408,0,0,0,0,0,440,2693,290,608,0,0,0,0,0,473,15,26,88,3363,0,72,0,0,0,11,81,0,0,0,0,0,0,632,0,0,0,0,0,0,0,0,0,0,3,0,0,0,0,0,0,0,0,0,0,640,0,0,0,0,0,0,0,0,0,37,2449,0,0,0,0,7308,20,0,0,0,0,0,0,0,0,0,0,0,0,0,0,0,2647,0,0,2458,2300,0,1242,0,0,0
CC027,3284,0,0,0,0,0,0,0,0,0,0,0,0,0,0,0,0,0,0,0,0,0,0,0,0,329,0,0,818,6711,0,0,0,0,2083,0,98,0,2235,0,0,509,0,245,308,1143,0,14622,7236,0,0,67,37963,9027,0,0,0,0,0,0,0,0,0,0,0,0,0,10,0,0,0,956,0,0,0,0,0,0,0,0,0,0,0,0,0,17830,10676,0,1409,0,0,7,0,0,7198,5632,24,0,0,0,28,0,0,0,0,0,0,0,0,439,10,5667,0,0,21,0,279,0,0,294,263,47,0,0,0,6665,0,0,0,0,0,673,107,0,10,0,10,0,588,2785,69,1182,0,0,0,0,0,1740,0,33,139,2053,0,25,0,5,0,23,53,0,0,0,0,0,0,98,0,0,0,0,0,0,0,0,0,0,0,0,0,0,0,0,0,2,0,0,0,263,0,0,0,0,0,0,0,0,0,77,13479,0,0,0,0,3393,8,0,0,0,4,0,0,0,6,0,0,0,0,0,0,0,8576,0,0,829,2205,0,529,0,0,0
CC027,5158,0,0,0,0,0,2,0,0,0,0,0,0,0,0,0,0,0,0,0,0,0,0,0,0,204,0,0,195,4391,0,0,2,2,3006,0,8925,0,4353,0,0,549,0,172,1395,1718,0,16475,5203,0,0,22,24960,9859,0,0,0,0,0,0,0,0,0,0,0,0,0,2,0,0,0,1710,0,0,0,0,0,0,0,0,0,0,0,0,0,19513,23366,0,832,0,18,13,0,0,12009,10516,15,0,0,0,330,0,0,0,0,0,0,0,0,674,6,12774,0,0,113,0,436,0,0,956,279,43,0,0,0,1275,0,0,0,0,8,1022,169,0,0,0,0,0,698,4083,64,3112,0,0,0,0,0,1332,5,15,198,1411,0,114,0,0,0,5,38,0,0,0,0,0,0,35,0,0,0,0,0,0,0,0,0,0,0,0,0,0,0,0,0,0,0,0,0,251,0,0,0,0,0,0,0,0,0,555,4780,0,0,0,0,6880,50,0,0,0,0,0,0,0,0,0,0,0,0,0,0,0,8911,0,0,7815,1001,0,1391,0,0,0
CC027,782,6,0,0,0,0,0,0,0,0,0,0,0,0,0,0,0,0,0,0,0,0,0,0,0,534,0,0,669,3421,0,0,3,0,3761,0,4047,6,4478,0,0,464,0,306,991,2868,0,11434,5298,0,0,51,42622,8418,0,0,0,0,0,0,0,0,0,0,0,0,0,73,0,0,0,654,0,0,0,0,0,0,0,0,0,0,0,11,0,8210,10899,10,664,0,0,0,0,0,5273,6912,4,0,0,0,466,0,0,0,0,0,0,0,0,185,16,3203,0,168,15,0,9,0,0,219,167,0,0,0,0,1357,0,0,0,0,0,553,182,0,19,0,0,0,703,4005,247,586,0,0,0,0,0,715,15,25,199,2680,0,0,0,0,0,11,75,0,0,0,0,0,0,638,0,0,0,0,0,0,0,0,0,0,0,0,0,0,0,0,0,0,0,0,0,442,0,0,0,0,0,0,0,0,0,125,3218,0,0,0,3,6857,42,0,0,0,0,0,0,0,0,0,0,0,0,0,0,0,6508,0,0,1696,3922,0,1010,0,0,0
CC027,4037,0,0,0,0,0,0,0,0,0,0,0,0,0,0,0,0,0,0,0,0,0,0,0,0,87,0,0,506,5289,0,0,0,8,2800,0,7369,2,5723,0,0,1011,0,133,1624,5043,0,12304,7270,0,0,27,25237,8489,6,0,0,0,0,0,0,0,0,0,0,0,0,3,0,0,0,402,0,0,0,0,0,0,0,0,0,0,0,11,0,19705,16715,0,723,0,0,5,0,0,9582,7639,0,0,0,0,353,0,0,0,0,0,0,0,0,108,11,2044,0,2156,54,0,35,0,0,205,114,0,0,0,0,1364,0,0,0,0,0,216,174,0,0,0,0,0,284,2000,80,599,0,0,0,0,0,754,6,10,861,1643,0,52,0,0,0,52,47,0,0,0,0,0,0,122,0,0,0,0,0,0,0,0,0,0,0,0,0,0,0,0,0,0,0,0,0,421,0,0,0,0,0,0,0,0,0,52,1314,0,0,0,0,17407,20,0,0,0,0,0,0,0,0,0,0,0,0,0,0,0,10624,0,0,5770,8311,0,1353,0,0,0
CC027,4892,0,0,0,0,0,0,0,0,0,0,0,0,0,0,0,0,0,0,0,0,0,0,0,2,260,0,0,440,3791,0,0,0,0,664,0,6011,0,1333,0,0,751,0,256,1324,1038,0,13661,3775,0,0,67,40595,7621,4748,0,0,0,0,0,0,0,0,0,0,0,0,41,0,0,0,143,0,0,0,0,0,0,0,0,3,0,0,0,0,14827,18923,0,1231,0,0,8,0,0,6790,7317,4,0,12,0,136,0,4,0,21,0,0,12,0,129,9,924,0,165,0,0,203,0,0,1542,38,0,0,13,0,1408,0,0,0,0,0,896,744,0,0,0,10,0,887,1533,118,1114,0,0,0,0,0,507,0,34,273,3821,0,20,0,0,0,15,77,0,0,0,0,0,0,415,0,0,0,0,0,0,0,0,0,0,0,0,0,0,0,0,0,0,0,0,0,256,0,0,0,0,0,0,0,0,0,22,5200,0,0,0,0,17242,4,0,0,0,0,0,0,0,5,0,0,0,0,0,0,0,5435,0,0,6637,1182,0,183,0,0,0
CC027,2303,0,0,0,0,0,0,0,0,0,0,0,0,0,0,0,0,0,0,0,0,0,0,0,0,735,0,0,472,6060,0,0,0,8,761,0,11121,5,8698,0,0,2149,0,1220,1481,11804,0,25897,7921,0,0,0,79604,7676,18403,0,0,0,0,0,0,0,0,0,0,0,0,37,0,0,0,222,0,0,0,0,0,14,0,0,0,0,0,0,4,15885,20885,0,1083,0,0,13,0,0,9241,17746,5,0,0,0,844,0,9,0,0,0,0,0,0,281,19,1964,0,0,94,0,19,0,0,6028,51,29,0,0,0,2228,7,0,0,0,0,3477,2038,5,34,0,0,0,696,8012,0,723,570,0,0,0,0,1709,9,22,3685,975,0,135,0,0,0,227,508,0,0,0,0,0,0,903,0,0,0,0,0,0,0,0,0,0,2,0,0,0,0,0,0,0,0,0,0,682,2,0,0,0,0,0,0,0,0,338,542,0,0,0,0,11730,17,0,0,0,0,0,0,0,0,0,0,0,0,0,0,0,9680,0,0,11929,7084,0,5853,0,0,0
CC027,4104,0,0,0,0,0,0,0,0,0,0,0,0,0,0,0,0,0,0,0,0,0,0,0,0,11,0,0,388,3643,0,0,0,0,1691,0,192,0,799,0,0,378,0,27,82,107,0,12262,5289,0,0,7,19490,15479,1495,0,0,0,0,0,0,0,0,0,0,0,0,0,0,0,0,316,0,0,0,0,0,0,0,0,0,0,0,0,0,11950,12766,0,823,0,0,0,0,0,11544,4285,0,0,0,0,123,0,0,14,0,0,0,0,0,267,0,2657,0,249,28,0,59,0,0,4178,58,0,0,35,0,802,0,0,0,0,0,2522,311,0,0,0,7,0,529,1398,63,525,0,0,0,8,0,303,0,6,1339,1952,0,5,0,0,0,35,31,0,0,0,0,0,0,0,0,0,0,0,0,0,0,0,0,0,0,0,0,0,0,0,0,0,0,0,0,174,0,0,0,0,0,2,0,0,0,173,2774,0,0,0,3,21638,19,0,7,0,0,0,0,0,7,0,0,0,0,0,0,0,9338,0,0,8651,889,0,1002,0,0,0
CC027,1946,0,0,0,0,0,0,0,0,0,0,0,0,0,0,0,0,0,0,0,0,0,0,0,0,0,0,0,205,4553,0,0,0,0,1203,0,230,18,684,0,0,643,9,35,216,372,0,13778,4505,0,0,18,20376,20270,0,0,0,0,0,0,0,0,0,0,0,0,0,2,0,0,0,3766,0,0,0,0,0,0,0,0,0,0,0,0,0,9592,1991,0,1050,0,0,4,0,0,2645,3615,9,0,0,0,1504,0,0,0,0,0,0,0,0,105,7,5116,0,0,40,0,0,0,0,1921,72,26,0,1598,0,2035,0,0,0,0,0,2765,74,0,0,0,0,0,425,1233,34,737,0,0,0,0,0,860,0,0,328,995,0,2,0,0,0,14,4,0,0,0,0,0,0,7,0,0,0,0,0,0,0,0,0,0,0,0,0,0,0,0,0,0,0,0,0,478,0,0,0,0,0,0,0,0,0,181,3489,0,0,0,0,12944,0,0,0,0,0,0,0,0,0,0,0,0,0,0,0,0,3861,0,0,4890,1353,0,610,0,0,0
CC027,966,7,0,0,0,0,0,0,0,0,0,3,0,0,0,0,2,0,0,0,0,0,0,0,0,527,0,0,716,2469,0,0,0,0,4285,0,10457,0,2111,0,0,821,0,513,2071,6185,0,16149,3624,0,0,20,49950,4954,3778,0,0,0,0,0,0,0,0,0,0,0,0,434,0,0,0,200,0,0,0,0,0,0,0,0,0,0,0,35,0,15159,23571,1783,974,0,10,11,16,0,10736,6953,0,0,481,2,740,373,5,0,0,0,0,0,0,157,3,4752,0,1014,39,0,0,0,0,552,202,13,0,143,0,1083,0,0,0,0,0,926,381,0,13,20,6,0,532,3183,140,1007,0,0,0,0,0,707,14,3498,167,13662,0,91,0,0,0,30,126,0,0,0,0,0,0,681,0,0,0,0,0,0,0,0,0,0,3,0,0,0,0,0,0,0,0,0,0,2750,0,0,0,0,5,0,0,0,0,16,503,0,0,0,0,7795,58,0,0,0,0,0,0,0,0,0,0,0,0,0,0,0,7208,0,0,1467,5669,0,18,0,0,0
CC027,349,0,0,0,0,0,0,0,0,0,0,0,0,0,0,0,0,0,0,0,0,0,0,0,0,396,0,0,924,7683,0,0,0,16,2396,0,8535,3,1314,0,0,495,0,235,2005,2365,0,6671,4515,0,0,31,33084,5850,1526,0,0,0,0,0,0,0,0,0,0,0,0,75,0,0,0,3802,0,0,0,0,0,0,0,0,0,0,0,0,0,8233,27015,997,477,0,0,6,0,0,3406,2240,5,0,749,2,101,811,0,0,0,0,0,0,0,139,13,2153,0,8,30,0,0,0,0,741,139,18,0,136,0,2399,0,0,0,0,0,1127,48,0,7,94,0,7,86,1680,0,302,150,0,0,0,0,861,5,2434,53,8587,0,15,0,0,0,0,42,0,0,0,0,0,0,467,0,0,0,0,0,0,0,0,0,0,0,0,0,0,0,0,0,0,0,0,0,864,0,0,0,0,0,0,0,0,0,76,11324,0,0,0,0,9700,21,0,0,0,0,0,0,0,0,0,0,0,0,0,0,0,11273,0,0,350,698,0,0,0,0,0
CC027,1449,0,0,0,0,0,0,0,0,0,0,0,0,0,0,0,0,0,0,0,0,0,0,0,0,536,0,0,1084,2595,0,0,0,5,3083,0,2951,0,1287,0,0,610,5,620,2248,1212,0,10611,6627,0,0,49,41397,9303,840,0,0,0,0,0,0,0,0,0,0,0,0,421,0,0,0,451,0,2,0,0,0,0,0,0,0,0,0,0,0,11000,23550,1353,681,0,0,29,0,2,6695,9482,3,0,296,0,0,352,8,12,0,0,0,10,0,221,0,4584,0,79,25,0,0,0,0,3702,108,12,3,682,0,1485,19,0,0,0,0,1866,190,0,35,72,19,5,1180,4786,167,2165,0,0,0,0,3,392,21,4167,104,11901,0,20,0,0,0,40,77,0,0,0,0,0,0,670,0,0,0,0,0,0,0,0,0,0,0,0,0,0,0,0,0,0,0,0,0,1633,0,0,0,0,0,0,0,0,0,24,3048,0,0,0,0,5698,38,0,0,0,0,0,0,0,3,0,0,0,0,0,0,0,8088,0,0,5047,4874,0,16,0,0,0
CC027,853,0,0,0,0,0,0,0,0,0,0,0,0,0,0,0,0,0,0,0,0,0,0,0,0,804,0,0,2915,8245,0,0,0,17,444,0,2207,0,1061,0,0,850,0,126,210,1029,0,6249,3713,0,0,12,38472,4151,18,0,0,0,0,0,0,0,0,0,0,0,0,2,0,0,0,721,0,0,0,0,0,0,0,0,7,0,0,11,0,26290,14899,0,2622,0,0,0,0,0,3462,2505,0,0,0,0,142,0,0,0,38,0,0,0,0,141,30,2003,3,216,51,0,106,0,0,1329,635,86,0,104,0,4626,0,0,0,0,0,1558,187,13,6,0,5,0,379,1990,0,515,44,0,0,0,0,931,8,9,516,18797,0,21,0,0,0,5,51,0,0,0,0,0,0,7,0,0,0,0,0,0,0,0,0,0,2,0,0,0,0,0,0,0,0,0,0,394,0,0,0,0,0,0,0,0,0,104,9082,0,0,0,0,15101,18,0,6,0,0,0,0,0,0,0,0,0,0,0,0,0,7229,0,0,92,2318,0,11,0,0,0
CC027,465,0,0,0,0,0,0,0,0,0,0,0,0,0,0,0,0,0,0,0,0,0,0,0,0,223,0,0,1598,1744,0,0,0,0,339,0,1894,0,2123,0,0,695,0,118,597,1854,0,4304,1772,0,0,7,22589,4178,0,0,0,0,0,0,0,0,0,0,0,0,0,22,0,0,0,253,0,0,0,0,0,0,0,0,0,0,0,31,0,8206,4662,0,364,0,0,0,5,0,1146,5352,0,0,0,0,41,0,0,0,0,8,0,0,0,28,4,306,0,0,29,0,0,0,0,538,24,0,10,0,26,359,0,0,0,0,0,327,94,0,0,0,7,0,191,867,0,91,50,0,0,0,0,210,0,10,105,10205,0,27,0,0,0,61,37,0,0,0,0,0,0,577,0,0,0,0,0,0,0,0,0,0,0,0,0,0,0,0,0,0,0,0,0,312,0,0,0,0,0,0,0,0,0,9,490,0,0,0,0,5398,6,0,0,0,0,0,0,0,0,0,0,0,0,0,0,0,3592,0,0,746,2477,0,24,0,0,0
CC027,817,0,0,0,0,0,0,0,0,0,0,0,0,0,0,0,0,0,0,0,0,0,0,0,0,3280,0,0,4648,4653,0,0,0,6,959,0,6864,27,1398,0,0,2094,0,215,855,900,0,7443,3091,0,0,26,41953,2070,5,0,0,0,0,0,0,0,0,0,0,0,0,0,0,0,0,1589,0,0,0,0,0,0,0,0,0,0,0,15,0,15131,16817,0,401,0,0,0,0,0,3819,2448,8,0,0,0,874,0,3,14,0,0,0,0,0,97,6,1234,0,129,30,0,11,0,0,647,117,4,0,504,0,1169,3,0,0,0,0,945,244,0,0,0,0,0,247,1928,0,906,581,0,0,0,0,659,17,0,1494,19232,0,6,0,0,0,17,3,0,0,0,0,0,0,448,0,0,0,0,0,0,0,0,0,0,0,0,0,0,0,0,0,0,0,0,0,2248,0,0,0,0,0,0,0,0,0,74,3010,0,0,0,0,5388,62,0,0,0,0,0,0,0,0,0,0,0,0,0,0,0,5703,0,0,4158,1590,0,3,0,0,0
CC027,345,0,0,0,0,0,0,0,0,0,0,0,0,0,0,0,0,0,0,0,0,0,0,0,0,2589,0,0,1591,2168,0,0,4,0,486,0,982,0,110,0,0,722,0,36,111,1146,0,1889,1124,0,0,0,23277,1418,17,0,0,0,0,0,0,0,0,0,0,0,0,0,0,0,0,84,0,0,0,0,0,0,0,0,0,0,7,13,0,9023,9867,0,309,0,0,4,0,0,4703,1003,0,0,0,0,124,0,0,0,3,0,0,0,0,82,0,1578,0,48,37,0,9,0,0,417,18,34,0,203,0,508,0,0,0,0,0,373,83,0,7,0,5,0,565,1317,177,599,0,0,0,0,0,246,26,0,13,15263,0,15,0,0,0,0,0,0,0,0,0,0,0,46,0,0,0,0,0,0,0,0,0,0,0,0,0,0,0,0,0,0,0,0,0,326,0,0,0,0,0,2,0,0,0,37,370,0,0,0,0,2092,6,0,0,0,0,0,0,0,0,0,0,0,0,0,0,0,2292,0,0,59,221,0,12,0,0,0
CC027,589,4,0,0,0,0,0,0,0,0,0,0,0,0,0,0,0,0,0,0,0,0,0,0,0,198,0,0,882,564,0,0,0,0,255,0,14423,0,616,0,0,2429,0,372,1475,3170,0,12533,514,0,0,19,44377,2760,5,0,0,0,0,0,0,0,0,0,0,0,0,0,0,0,0,51,0,0,0,0,0,0,0,0,0,0,0,33,0,10669,6321,0,452,0,0,5,0,0,5317,16967,0,0,0,0,70,0,0,0,0,0,0,0,0,156,5,3575,0,131,21,0,11,0,0,528,472,9,0,0,0,564,0,0,0,0,0,1079,88,0,85,0,8,0,438,3260,0,530,1417,0,0,0,0,747,50,6,333,7651,0,136,0,0,0,50,134,0,0,0,0,0,0,345,0,0,0,0,0,0,0,0,0,0,0,0,0,0,0,0,0,0,0,0,0,1408,0,0,0,0,0,0,0,0,0,20,20,0,0,0,0,2002,59,0,0,0,0,0,0,0,0,0,0,0,0,0,0,0,2875,0,0,2356,2664,0,7,0,0,0
C3H,464,0,0,0,0,0,0,0,0,0,0,0,0,0,0,0,0,0,0,0,0,0,0,0,0,4903,0,35,1454,3780,0,0,0,0,1455,0,14285,0,1890,0,0,2515,0,26,153,76,0,1362,283,186,0,0,16979,954,0,0,0,0,0,0,0,0,0,0,0,0,0,0,0,0,0,362,0,0,0,0,0,0,0,0,0,0,0,9,0,22886,19142,4174,2528,0,0,0,5,0,709,1548,0,3,0,0,481,0,0,0,0,0,0,0,0,21,0,312,18,32,59,0,0,0,0,129,0,12,0,9,0,662,0,0,0,0,0,74,0,0,0,0,0,0,10,90,0,15,0,0,0,0,0,108,0,11,87,16039,523,114,0,0,0,0,83,0,0,0,0,0,0,0,0,0,0,0,0,0,0,0,0,0,0,0,0,0,0,0,0,0,0,0,0,1076,0,0,0,0,0,0,0,0,0,0,1996,0,0,0,0,632,69,0,0,0,0,0,0,0,0,0,0,0,0,0,0,0,2352,0,0,0,111,0,0,0,0,0
C3H,379,0,0,0,0,0,0,0,0,0,0,0,0,0,0,0,0,0,0,0,0,0,0,0,0,2776,0,104,867,5761,0,0,0,2,2554,0,16907,0,7402,0,0,3686,22,0,108,11,0,1898,2996,66,0,0,54327,752,8,0,0,0,0,0,0,0,0,0,0,0,0,0,0,0,0,2068,0,0,0,0,0,0,0,0,6,0,0,0,0,41463,17430,2505,5205,5,0,28,0,0,10779,2557,0,0,0,0,1128,0,0,0,0,0,0,0,0,518,0,8217,437,26,15,0,0,0,0,880,0,75,0,251,35,2726,15,0,0,0,0,1943,11,5,78,0,167,0,219,2402,0,570,0,0,0,0,0,325,6,18,38,16615,2633,116,0,0,0,29,72,0,0,0,0,0,0,0,0,0,0,0,0,0,0,0,0,0,0,0,0,0,0,0,0,0,0,0,0,8793,0,0,0,0,0,0,0,0,0,74,8212,0,0,0,7,14181,21,0,0,0,0,0,0,0,0,0,0,0,0,0,0,0,2817,0,0,20,289,0,13,0,0,0
C3H,727,0,0,0,0,0,24,0,0,0,0,0,0,0,0,0,0,0,0,0,0,0,0,0,0,0,0,5,249,3440,0,0,0,2,7411,0,3525,0,2810,0,0,7350,0,0,313,0,0,3741,1046,1035,0,0,28285,2430,0,0,0,0,0,0,0,0,0,0,0,0,0,0,0,0,0,767,0,0,0,0,0,0,0,0,40,0,0,9,0,40698,7025,1415,5023,0,0,88,0,0,1565,301,0,0,0,0,2204,0,0,0,0,0,0,0,0,12,0,1593,223,4,3,0,0,0,0,416,0,0,0,0,0,280,0,0,0,0,0,2088,0,28,5,0,216,0,22,642,0,368,0,0,0,0,0,61,0,245,230,427,6,284,0,0,0,0,35,0,0,0,0,0,0,0,0,0,0,0,0,0,0,0,0,0,0,0,0,0,0,0,0,0,0,0,0,5632,0,0,0,0,0,2,0,0,0,111,308,0,0,0,0,23209,37,0,0,0,0,0,0,0,0,0,0,0,0,0,0,0,782,0,0,0,221,0,0,0,0,0
C3H,969,0,0,0,0,0,0,0,0,0,0,0,0,0,0,0,0,0,0,0,0,0,0,0,0,123,0,77,224,2363,0,0,0,0,1012,0,979,7,652,0,0,9095,6,0,100,67,0,1774,1203,240,0,0,40599,7476,0,0,0,0,0,0,0,0,0,0,0,0,0,0,0,0,0,3071,0,0,0,0,0,0,0,0,0,0,0,114,0,33707,2998,166,5935,0,0,6,0,0,13475,1098,0,0,0,0,735,0,0,0,0,10,24,0,0,66,0,3898,1157,24,10,0,0,0,0,653,0,18,15,144,0,567,2,0,0,0,0,2826,7,5,16,0,227,0,70,694,0,455,0,0,0,0,0,37,0,13,354,5459,0,43,0,0,0,7,24,0,0,0,0,0,0,0,0,0,0,0,0,0,0,0,0,0,0,0,0,0,0,0,0,0,0,0,0,4370,0,0,0,0,0,0,0,0,0,29,2484,0,0,0,0,45468,2669,0,0,0,0,0,0,0,4,0,0,0,0,0,0,0,1848,0,0,0,1223,0,10,0,0,0
C3H,780,19,0,0,0,0,0,0,0,0,0,0,0,0,0,0,0,0,0,0,0,0,0,0,0,19,0,4,1229,3821,0,0,0,0,134,0,199,0,96,0,0,1048,0,0,6,0,0,1653,810,116,0,0,57317,1088,0,0,0,0,0,0,0,0,0,0,2,0,0,0,0,0,0,12254,0,0,0,0,0,0,0,0,12,0,0,41,0,13388,13888,1241,1434,0,0,30,0,0,982,65,0,0,0,0,2806,0,0,0,0,0,0,0,0,0,0,1954,84,0,0,0,0,0,0,43,0,0,15,0,0,2340,0,0,0,0,0,52,0,7,0,0,0,0,0,41,0,96,0,0,0,0,0,32,0,7,200,4773,0,3,0,0,0,78,157,0,0,0,0,0,0,0,0,0,0,0,0,0,0,0,0,0,0,0,0,0,0,2,0,0,0,0,0,13891,0,0,0,0,0,0,0,0,0,4,3737,0,0,0,0,10127,83,0,5,0,0,0,0,0,2,0,0,0,0,0,0,0,433,0,0,0,0,0,0,0,0,0
C3H,1232,0,0,0,0,0,0,0,0,0,0,0,0,0,0,0,0,0,0,0,0,0,0,0,0,19,0,0,870,3865,0,0,0,0,2261,0,9876,0,3260,0,0,6055,0,7,109,0,0,8345,13,0,0,0,57331,272,0,0,0,0,0,0,0,0,0,0,0,0,0,0,0,0,0,1655,0,0,0,0,0,0,0,0,8,0,0,27,0,18090,1016,116,3158,0,0,55,0,0,5533,2082,0,0,0,0,3567,0,0,0,0,0,0,0,0,337,0,3620,713,0,42,0,0,0,0,2878,0,0,0,0,0,379,0,0,0,0,0,1553,5,23,10,0,165,0,31,1128,0,411,0,0,0,0,0,135,0,0,240,2284,0,84,0,0,0,13,162,0,0,0,0,0,0,0,0,0,0,0,0,0,0,0,0,0,0,0,0,0,0,0,0,0,0,0,0,5628,0,0,0,0,0,0,0,0,0,38,2586,0,0,0,0,6029,62,0,0,0,0,0,0,0,0,0,0,0,0,0,0,0,2718,0,0,8,232,0,0,0,0,0
C3H,1933,2,0,0,0,0,0,0,0,0,0,0,0,0,0,0,0,0,0,0,0,0,0,0,0,13,0,43,375,3074,0,0,0,3,6425,0,5050,2,1718,0,17,5252,0,54,563,77,0,6829,3846,88,0,0,56916,7222,0,0,0,0,0,0,0,0,0,0,0,0,0,0,0,0,0,2457,0,0,0,0,0,0,0,0,0,0,0,0,0,19821,20890,3136,1395,0,0,30,0,0,11473,2005,2,0,0,0,105,0,0,0,0,0,0,0,0,620,0,6924,1369,69,24,0,0,0,0,1006,0,102,0,1067,37,1249,18,0,0,0,0,3668,60,51,14,0,446,0,163,1612,0,683,0,0,0,0,0,250,41,27,48,2591,0,79,0,0,0,7,157,0,0,0,0,0,0,0,0,0,0,0,0,0,0,0,0,0,3,0,0,0,0,0,0,0,0,0,0,6669,0,0,0,0,0,0,0,0,0,199,5942,0,0,0,0,19231,35,0,0,0,0,0,0,0,0,0,0,0,0,0,0,0,1481,0,0,0,1566,0,11,0,0,0
C3H,510,0,0,0,0,0,4,0,0,0,0,0,0,0,0,0,0,0,0,0,0,0,0,0,0,15,0,25,906,10231,0,0,2,0,1444,0,769,0,90,0,0,2146,0,0,32,0,0,6919,6656,106,0,0,25194,508,0,0,0,0,0,0,0,0,0,0,0,0,0,0,0,0,0,192,0,0,0,0,0,0,0,0,13,0,0,64,0,43765,72487,12228,2276,8,0,61,9,0,4180,1600,0,0,0,0,11099,0,0,0,0,0,0,0,0,83,0,2107,519,0,12,0,0,0,0,139,0,33,5,0,0,1509,0,0,0,0,7,211,7,12,8,0,40,0,11,233,0,102,0,0,0,0,0,108,0,38,72,9624,19,23,0,0,0,140,177,0,0,0,0,0,0,0,0,0,0,0,0,0,0,0,0,0,6,0,0,0,0,0,0,0,0,0,0,5444,0,0,0,0,0,0,0,0,0,14,4010,0,0,0,0,8915,551,0,0,0,0,0,0,0,13,0,0,0,0,0,0,0,3839,0,0,0,584,0,31,0,0,0
C3H,1200,0,0,0,0,0,0,0,0,0,0,0,0,0,0,0,0,0,0,0,0,0,0,0,0,0,0,0,0,804,0,0,0,2,9125,0,3885,0,391,0,0,5759,0,0,100,379,0,5851,1314,819,0,0,55519,1701,0,0,0,0,0,0,0,0,0,0,0,0,0,0,0,0,0,785,0,0,0,0,0,0,0,0,0,0,0,0,0,7175,9042,2380,287,0,0,10,0,0,16365,2189,0,0,0,0,617,0,0,0,0,0,0,0,0,551,0,4695,146,121,12,0,0,0,0,578,0,179,0,485,45,766,61,0,0,0,0,1398,90,19,41,0,111,0,381,1881,0,515,0,0,0,0,0,224,41,73,59,24,0,175,0,0,0,15,103,0,0,0,0,0,0,0,0,0,0,0,0,0,0,0,0,0,0,0,0,0,0,0,0,0,0,0,0,1937,0,0,0,0,0,0,0,0,0,130,820,0,0,0,0,6058,29,0,6,0,0,0,0,0,0,0,0,0,0,0,0,0,2904,0,0,0,464,0,8,0,0,0
C3H,2443,0,0,0,0,0,0,0,0,0,0,0,0,0,0,0,0,0,0,0,0,0,0,0,0,7,0,11,30,729,0,0,0,0,7261,0,3933,0,683,0,0,5858,0,0,116,0,0,9593,3526,589,0,0,42271,1684,0,0,0,0,0,0,0,0,0,0,0,0,0,0,0,0,0,28,0,2,0,0,0,0,0,0,6,0,0,0,0,10233,14150,1669,638,0,0,20,0,0,21322,3392,0,0,0,0,646,0,0,0,0,0,0,0,0,453,0,8825,291,0,0,0,0,0,0,526,0,108,0,507,28,1275,21,0,0,0,0,1555,14,0,30,0,64,0,226,1814,0,334,0,0,0,0,0,210,28,149,162,43,6,232,0,0,0,84,114,0,0,0,0,0,0,0,0,0,0,0,0,0,0,0,0,0,3,0,0,0,0,0,0,0,0,0,0,4346,0,0,0,0,0,0,0,0,0,39,229,0,0,0,0,12238,118,0,0,0,0,0,0,0,0,0,0,0,0,0,0,0,1354,0,0,5,1080,0,0,0,0,0
C3H,1007,10,0,0,0,0,0,0,0,0,0,0,0,0,0,0,0,0,0,0,0,0,0,0,0,1918,0,281,1841,13580,0,0,0,0,1913,0,2897,0,4787,0,0,1958,0,95,1269,105,0,3562,468,2069,0,0,81243,11192,6,0,0,0,0,0,0,0,0,0,0,0,0,0,0,0,0,197,0,0,0,0,0,0,0,0,11,0,0,6,0,40354,11772,1728,6038,0,0,12,0,0,6995,595,0,4,0,0,1334,0,2,0,0,0,0,0,0,160,0,4541,420,16,42,0,0,0,0,138,0,22,0,42,19,1603,5,0,0,0,0,1520,23,0,39,0,196,0,155,1116,0,264,0,0,0,0,0,134,5,29,127,3921,16,140,0,0,0,88,108,0,2,0,0,0,0,0,0,0,0,0,0,0,0,0,0,0,0,0,0,0,0,0,0,0,0,0,0,10335,0,0,0,0,0,0,0,0,54,40,4704,0,0,0,0,20736,8,0,0,0,0,0,0,0,7,0,0,0,0,0,0,0,3702,0,0,7,166,0,20,0,0,0
C3H,431,0,0,0,0,0,0,0,0,0,0,0,0,0,0,0,0,0,0,0,0,0,0,0,0,578,0,91,114,1935,0,0,0,0,753,0,471,0,312,0,0,3206,0,13,172,39,0,3125,743,341,0,0,53871,4978,0,0,0,0,0,0,0,0,0,0,0,0,0,0,0,0,0,4,0,0,0,0,0,0,0,0,3,0,0,0,0,12900,32452,1783,570,0,0,14,0,0,3467,340,0,0,0,0,548,0,0,0,0,0,0,0,0,59,0,1159,82,0,0,0,0,0,0,193,0,17,0,48,58,255,0,0,0,0,0,1226,17,4,0,0,55,0,103,411,0,234,0,0,0,0,0,21,0,15,32,430,0,19,0,0,0,57,105,0,0,0,0,0,0,0,0,0,0,0,0,0,0,0,0,0,0,0,0,0,0,0,0,0,0,0,0,7474,0,0,0,0,0,0,0,0,36,14,807,0,0,0,0,8975,10,0,0,0,0,0,0,0,0,0,0,0,0,0,0,0,864,0,0,0,218,0,13,0,0,0
C3H,502,0,0,0,0,0,0,0,0,0,0,0,0,0,0,0,0,0,0,0,0,0,0,0,0,5953,0,9,27,2547,0,0,3,0,27,0,694,0,44736,0,0,11902,0,2662,6952,174,0,832,129,0,0,0,39451,381,0,0,0,0,0,0,0,0,0,0,0,0,0,0,0,0,0,0,0,0,0,0,0,0,0,0,0,0,0,987,0,7630,12014,0,214,0,0,14,0,0,1357,103,0,0,0,0,731,0,0,0,34,0,0,0,0,45,0,1668,40,0,439,0,0,0,0,27,0,101,0,99,0,535,0,0,0,0,0,112,0,0,0,0,0,0,12,998,0,4,0,0,0,7,0,113,0,3,3,12137,0,2,0,0,0,11,250,0,0,0,0,0,0,0,0,0,0,0,0,0,0,0,0,0,0,0,0,0,0,0,0,0,0,0,0,1688,0,0,0,0,0,0,0,0,1029,5,1050,0,0,0,0,435,8301,0,12,0,0,0,0,0,0,0,0,0,0,0,0,0,1193,0,0,4,41,0,16602,0,0,0
C3H,759,0,0,0,0,0,0,0,0,0,0,0,0,0,0,0,0,0,0,0,0,0,0,0,0,1150,0,23,387,1604,0,0,0,0,783,0,1666,7,358,0,0,1370,0,21,84,154,0,3993,993,268,0,0,62732,4024,0,0,0,0,0,0,0,0,0,0,0,0,0,0,0,0,0,26,0,0,0,0,0,0,0,0,0,0,0,9,0,10525,14814,2162,642,0,0,15,9,0,12915,1264,0,0,0,0,912,8,0,0,0,0,0,0,0,136,0,3851,101,120,0,0,0,0,0,363,0,9,0,504,6,604,7,0,0,14,0,1031,11,0,18,0,68,0,197,1163,0,222,0,0,0,0,0,51,0,24,0,2919,8,57,0,0,0,71,150,0,0,0,0,0,0,0,0,0,0,0,0,0,0,0,0,0,2,0,0,0,0,0,0,0,0,0,0,5252,0,0,0,0,0,0,0,0,20,13,1077,0,0,0,2,8928,56,0,0,0,0,0,0,0,0,0,0,0,0,0,0,0,1594,0,0,5,373,0,710,0,0,0
C3H,232,0,0,0,0,0,0,0,0,0,0,0,0,0,0,0,0,0,0,0,0,0,0,0,0,674,0,88,295,2601,0,0,0,0,315,0,1614,0,449,0,0,841,0,0,17,0,0,1075,712,77,0,0,20836,1574,0,0,0,0,0,0,0,0,0,0,0,0,0,0,0,0,0,0,0,12,0,0,0,0,0,0,0,0,0,0,0,36228,5744,1259,6259,0,0,0,0,0,3385,991,0,0,0,0,419,0,0,0,0,0,0,0,0,64,0,1756,206,11,4,0,0,0,0,172,0,0,0,528,8,403,0,0,0,0,0,438,5,0,12,0,0,0,109,591,0,198,0,0,0,0,0,34,7,10,25,785,13,22,0,0,0,0,17,0,0,0,0,0,0,0,0,0,0,0,0,0,0,0,0,0,0,0,0,0,0,0,0,0,0,0,0,2537,0,0,0,0,0,0,0,0,56,16,735,0,0,0,0,3835,22,0,0,0,0,0,0,0,0,0,0,0,0,0,0,0,559,0,0,0,216,0,10,0,0,0
C3H,1386,0,0,0,0,0,0,0,0,0,0,0,0,0,0,0,0,0,0,0,0,0,0,0,0,674,0,27,486,4731,0,0,0,0,1475,0,1460,0,1081,0,0,6090,0,11,226,0,0,11396,2928,353,0,0,42085,15276,0,0,0,0,0,0,0,0,0,0,0,0,0,0,0,0,0,10735,0,0,0,0,0,0,0,0,11,0,0,25,0,17362,16215,2164,1419,0,0,11,0,0,10538,1063,0,2,0,0,924,0,0,0,0,0,0,0,0,136,0,4275,310,165,37,0,0,0,0,737,0,32,0,12,139,548,7,0,0,0,0,1493,102,21,22,0,153,0,239,1273,0,433,0,0,0,5,0,112,4,54,77,1354,651,304,0,0,0,24,47,0,0,0,0,0,0,0,0,0,0,0,0,0,0,0,0,0,0,0,0,0,0,0,0,0,0,0,0,5028,0,0,0,0,0,0,0,0,126,15,1389,0,0,0,0,7844,29,0,14,0,0,0,0,0,0,0,0,0,0,0,0,0,1566,0,0,0,1095,0,0,0,0,0
C3H,3041,0,0,0,0,0,0,0,0,0,0,0,0,0,0,0,0,0,0,0,0,0,0,0,0,387,0,120,664,4211,0,0,0,9,8587,0,5877,0,1976,0,0,5543,0,60,678,0,2,17834,10279,1074,0,0,40667,28521,0,0,0,0,0,0,0,0,0,0,0,0,0,0,0,0,0,6,0,0,0,0,0,0,0,0,0,0,0,7,0,13440,25938,2314,938,0,0,9,0,0,5784,1097,0,2,0,0,1011,0,0,0,0,0,0,0,0,750,0,3737,257,927,64,0,0,0,0,970,0,4,0,182,0,1005,0,0,0,0,0,804,152,3,11,0,64,2,111,951,0,322,0,0,0,0,0,489,0,2,252,573,40,199,0,0,0,78,50,0,0,0,0,0,0,0,0,0,0,0,0,0,0,0,0,0,0,0,0,0,0,0,0,0,0,0,0,4305,5,0,0,0,0,5,0,0,163,53,3877,0,0,0,0,14241,39,0,0,0,0,0,0,6,0,0,0,0,0,0,0,0,4722,0,0,0,716,0,15,0,0,0
C3H,440,0,0,0,0,0,5,0,0,0,0,0,0,0,0,0,0,0,0,0,0,0,0,0,0,5795,0,38,1566,7602,0,0,0,0,854,0,2119,0,1528,0,0,2260,0,26,117,51,0,2293,1570,340,0,0,53730,4699,5,0,0,0,0,0,0,0,0,0,0,0,0,0,0,0,0,2534,0,6,0,0,0,0,0,0,33,0,0,14,0,20280,37754,4176,2031,4,0,24,0,0,2656,372,0,4,0,0,557,0,0,0,0,0,0,0,0,47,0,1732,284,30,44,0,0,0,11,234,0,24,0,188,13,875,0,0,0,0,0,826,22,0,6,0,96,0,94,559,0,241,0,0,0,0,0,109,0,35,74,25017,0,56,0,0,0,26,93,0,0,0,0,0,0,0,0,0,0,0,0,0,0,0,0,0,0,0,0,0,0,0,0,0,0,0,0,9496,0,0,0,0,0,0,0,0,0,15,3144,0,0,0,0,6682,48,0,3,0,0,0,0,0,0,0,0,0,0,0,0,0,2050,0,0,16,407,0,17,0,0,0
C3H,1146,0,0,0,0,0,3,0,0,0,0,0,0,0,0,0,0,0,0,0,0,0,0,0,0,3692,0,14,571,3147,0,0,0,0,1809,0,1757,0,757,0,0,1490,0,62,444,191,0,6770,2072,583,48,0,29194,17198,0,0,0,0,0,0,0,0,0,0,0,0,0,0,0,0,0,4432,0,5,0,0,0,0,0,0,0,0,0,3,0,9573,24533,1433,975,0,0,7,0,0,8949,1140,0,5,0,0,274,0,6,0,0,0,0,0,0,124,0,4341,459,1372,37,0,0,0,9,617,0,59,0,182,27,648,14,0,0,0,0,853,247,0,28,0,73,0,424,1535,0,452,0,0,0,0,0,193,4,22,36,12187,0,31,0,0,0,14,36,0,0,0,0,0,0,0,0,0,0,0,0,0,0,0,0,0,0,0,0,0,0,0,0,0,0,0,0,2525,0,0,0,0,0,0,0,0,0,54,1527,0,0,0,0,14472,13,0,5,0,0,0,0,0,0,0,0,0,0,0,0,0,2764,0,0,0,658,0,8,0,0,0
C3H,10776,7,0,0,0,0,6,0,0,0,0,0,0,0,0,0,0,0,0,0,0,0,0,0,0,12478,0,176,1793,16997,0,0,0,5,15546,0,2276,0,3655,0,0,8573,16,62,917,504,0,36544,29886,5224,100,0,190406,139976,0,0,0,0,0,0,0,0,0,0,0,0,0,0,0,0,0,44166,0,12,0,0,0,0,0,0,42,0,0,18,0,68320,86078,9177,6596,0,0,94,0,0,22017,4178,0,14,0,0,2624,0,0,0,0,0,31,14,0,889,0,9472,1179,2454,320,0,0,0,0,2041,0,97,24,1159,12,2309,3,0,0,0,13,4286,1062,30,24,0,313,0,2325,2643,0,1542,0,0,0,4,0,1027,9,147,256,139532,0,302,0,0,0,264,359,0,0,0,0,0,2,0,0,0,0,0,0,0,0,0,0,0,6,0,0,0,0,0,0,0,0,0,0,8460,3,0,0,0,0,0,0,0,0,102,7809,0,0,0,22,54035,105,0,5,0,0,0,0,0,23,0,0,0,0,0,0,0,15286,0,0,20,4559,0,16,0,0,0
C3H,1769,0,0,0,0,0,0,0,0,0,0,0,0,0,0,0,0,0,0,0,0,0,0,0,0,646,0,68,217,5079,0,0,0,0,9198,0,5115,0,331,0,0,5313,0,45,721,566,0,16570,5057,2481,0,0,40593,17388,0,0,0,0,0,0,0,0,0,0,0,0,0,0,0,0,0,4339,0,0,0,0,0,0,0,0,31,0,0,13,0,17360,20534,1149,1167,0,0,16,0,0,17446,3482,3,3,0,0,659,0,0,0,35,0,0,8,0,643,0,10166,1111,874,19,0,0,0,0,554,8,190,0,889,18,1847,27,0,0,0,0,2317,195,0,8,0,88,0,597,4724,14,1146,0,0,0,0,0,598,33,34,262,495,0,330,0,0,0,0,24,0,0,0,0,0,0,0,0,0,0,0,0,0,0,0,0,0,7,0,0,0,0,0,0,0,0,0,0,4824,0,0,0,0,0,0,0,0,0,269,7919,0,0,0,0,17683,8,0,0,0,0,0,0,0,3,0,0,0,0,0,0,0,6595,0,0,0,7013,0,0,0,0,0
C3H,384,12,0,0,0,0,0,0,0,0,0,0,0,0,0,0,0,0,0,0,0,0,0,0,0,5063,0,79,2958,10833,0,0,0,0,277,0,241,0,81,0,0,741,0,0,5,0,0,306,459,112,0,0,39474,454,0,0,0,0,0,0,0,0,0,0,0,0,0,0,0,0,0,9,0,0,0,0,0,0,0,0,54,0,0,6,0,31539,30643,5593,2862,0,6,30,14,0,973,648,0,6,0,0,3222,0,0,0,0,0,5,0,0,22,0,2016,571,27,43,0,0,0,0,71,0,27,0,2736,0,778,0,0,0,0,0,65,0,0,4,0,0,0,9,19,0,5,0,0,0,0,0,42,0,35,39,44902,0,9,0,0,0,28,109,0,0,0,0,0,0,0,0,0,0,0,0,0,0,0,0,0,0,0,0,0,0,0,0,0,0,0,0,2050,0,0,0,0,0,0,0,0,0,0,1937,0,0,0,0,5963,36,0,0,0,0,0,0,0,13,0,0,0,0,0,0,0,3377,0,0,0,413,0,3,0,0,0
C3H,697,0,0,0,0,0,0,0,0,0,0,0,0,0,0,0,0,0,0,0,0,0,0,0,0,0,0,105,164,3465,0,0,0,0,2240,0,1413,0,398,0,0,3262,0,0,0,0,0,5179,1551,45,0,0,12833,945,0,0,0,0,0,0,0,0,0,0,0,0,0,0,0,0,0,10,0,0,0,0,0,0,0,0,8,0,0,0,0,23907,27469,1969,2887,0,0,9,0,0,2852,915,0,0,0,0,1008,0,0,0,17,0,0,0,0,59,0,2197,115,0,22,0,0,0,0,271,0,36,0,1337,0,197,0,0,0,0,0,480,5,0,5,0,0,0,11,212,0,137,0,0,0,0,0,111,0,172,88,59,0,81,0,0,0,0,21,0,0,0,0,0,0,0,0,0,0,0,0,0,0,0,0,0,0,0,0,0,0,0,0,0,0,0,0,1489,0,0,0,0,0,0,0,0,0,34,740,0,0,0,0,12021,21,0,0,0,0,0,0,0,0,0,0,0,0,0,0,0,2058,0,0,0,1433,0,0,0,0,0
C3H,954,0,0,0,0,0,0,0,0,0,0,0,0,0,0,0,0,0,0,0,0,0,0,0,0,3348,0,60,512,4610,0,0,0,0,1612,0,2855,0,2819,0,0,2845,0,11,164,0,0,6504,2341,1016,0,0,35416,9620,0,0,0,0,0,0,0,0,0,0,0,0,0,0,0,0,0,667,0,47,0,0,0,0,0,0,0,0,0,0,0,9258,22835,1102,792,0,0,8,0,0,11752,1804,0,0,0,0,692,0,0,0,0,0,0,0,0,188,0,5019,558,35,31,0,0,0,0,412,0,41,0,837,147,501,11,0,0,0,0,1599,63,13,53,0,187,0,250,1928,0,420,0,0,0,0,0,178,8,6,72,33627,16,239,0,0,0,0,93,0,0,0,0,0,0,0,0,0,0,0,0,0,0,0,0,0,2,0,0,0,0,0,0,0,0,0,0,4203,0,0,0,0,0,0,0,0,0,166,1067,0,0,0,0,4517,12,0,0,0,0,0,0,0,0,0,0,0,0,0,0,0,1088,0,0,0,798,0,0,0,0,0
C3H,339,0,0,0,0,0,8,0,0,0,0,0,0,0,0,0,0,0,0,0,0,0,0,0,0,1783,0,18,702,3541,0,0,0,0,718,2,3166,0,354,0,0,2420,0,13,258,142,0,2522,896,435,0,0,24357,5362,0,0,0,0,0,0,0,0,0,0,0,0,0,0,0,0,0,374,0,0,0,0,0,0,0,0,28,0,0,16,0,19342,18444,2025,2233,0,0,25,0,0,6669,1297,0,5,0,0,191,0,0,0,26,0,0,15,0,161,0,4154,96,267,45,0,0,0,0,1229,0,69,0,455,34,675,16,0,0,0,9,949,83,14,42,0,42,0,234,1736,0,485,0,0,0,0,0,149,5,12,89,5357,11,48,0,0,0,8,28,0,0,0,0,0,0,0,0,0,0,0,0,0,0,0,0,0,0,0,0,0,0,0,0,0,0,0,0,2965,0,0,0,0,0,0,0,0,0,57,1768,0,0,0,0,3579,26,0,0,0,0,0,0,0,0,0,0,0,0,0,0,0,1092,0,0,7,502,0,0,0,0,0
C3H,638,11,0,0,0,0,0,0,0,0,0,0,0,0,0,0,0,0,0,0,0,0,0,0,0,508,0,15,363,1743,0,0,0,2,196,0,1243,0,482,0,0,934,0,6,72,31,0,634,193,206,0,0,59995,1739,0,0,0,0,0,0,0,0,0,0,0,0,0,0,0,0,0,10,0,4,0,0,0,0,0,0,8,0,0,8,0,4625,12159,1286,295,0,0,7,0,0,597,111,0,3,0,0,229,0,0,0,0,0,0,0,0,19,0,258,48,5,0,0,0,0,0,86,0,3,0,59,0,368,0,0,0,0,0,147,5,0,0,0,0,0,8,46,0,21,0,0,0,0,0,0,0,4,88,7510,0,50,0,0,0,59,157,0,0,0,0,0,0,0,0,0,0,0,0,0,0,0,0,0,0,0,0,0,0,0,0,0,0,0,0,5093,0,0,0,0,0,0,0,0,0,0,1705,0,0,0,4,9651,29,0,0,0,0,0,0,0,0,0,0,0,0,0,0,0,362,0,0,0,66,0,0,0,0,0
C3H,748,3,0,0,0,0,0,0,0,0,0,0,0,0,0,0,0,0,0,0,0,0,0,0,0,1140,0,12,663,2165,0,0,0,0,1351,0,4087,0,328,0,0,6638,0,39,680,454,0,6417,903,2064,0,0,40070,8868,0,0,0,0,0,0,0,0,0,0,0,0,0,0,0,0,0,0,0,0,0,0,0,0,0,0,0,0,0,5,0,20065,9752,864,2907,0,0,10,0,0,17526,4858,0,0,0,0,575,0,0,0,0,0,0,0,0,238,0,9224,692,1143,23,0,0,0,0,1026,0,216,0,270,196,1396,5,0,0,0,0,1398,135,0,46,0,0,0,520,3303,0,737,0,0,0,0,0,179,25,60,106,4413,6,274,0,0,0,34,55,0,0,0,0,0,0,0,0,0,0,0,0,0,0,0,0,0,2,0,0,0,0,0,0,0,0,0,0,6278,0,0,0,0,0,0,0,0,0,27,451,0,0,0,0,17958,28,0,0,0,0,0,0,0,0,0,0,0,0,0,0,0,874,0,0,0,706,0,0,0,0,0
C3H,789,0,0,0,0,0,0,0,0,0,0,0,0,0,0,0,0,0,0,0,0,0,0,0,0,3958,0,70,1483,7203,0,0,0,4,959,0,1466,0,254,0,0,3289,0,55,310,140,0,6047,1716,603,0,0,57893,10395,0,0,0,0,0,0,0,0,0,0,0,0,0,0,0,0,0,0,0,15,0,0,0,0,0,0,17,0,0,0,0,12895,18078,1286,1168,0,0,18,0,0,2002,1478,0,10,0,0,825,0,0,0,0,0,0,0,0,71,0,697,203,29,45,0,0,0,0,292,0,19,0,112,0,836,0,0,0,0,0,301,53,0,0,0,33,5,52,223,0,64,0,0,0,0,0,57,3,4,11,46968,0,21,0,0,0,74,113,0,0,0,0,0,0,0,0,0,0,0,0,0,0,0,0,0,0,0,0,0,0,0,0,0,0,0,0,6355,0,0,0,0,0,0,0,0,0,13,3847,0,0,0,0,9823,11484,0,6,0,0,0,0,0,0,0,0,0,0,0,0,0,2098,0,0,0,584,0,10,0,0,0
C3H,380,0,0,0,0,0,0,0,0,0,0,0,0,0,0,0,0,0,0,0,0,0,0,0,0,76,0,0,704,995,0,0,0,0,3540,0,2208,47,264,0,0,5020,0,15,363,98,0,1175,17,416,0,0,13740,2346,0,0,0,0,0,0,0,0,0,0,0,0,0,0,0,0,0,2475,0,0,0,0,0,0,0,0,0,0,0,0,0,13154,8895,0,1390,0,0,5,0,0,302,434,0,2,0,0,738,0,0,14,0,0,0,0,0,21,0,307,7,176,0,0,0,0,0,46,0,0,0,23,0,52,0,0,0,0,0,28,12,0,0,0,0,0,7,35,0,78,0,0,0,0,0,5,0,0,20,3659,9,6,0,0,0,5,0,0,5,0,0,0,0,0,0,0,0,0,0,0,0,0,0,0,0,0,0,0,0,0,0,0,0,0,0,2725,0,0,0,0,0,0,0,0,0,0,210,0,0,0,0,6787,35,0,0,0,0,0,0,0,0,0,0,0,0,0,0,0,1073,0,0,6,199,0,0,0,0,0
C3H,1372,7,0,0,0,0,0,0,0,0,0,0,0,0,0,0,0,0,0,0,0,0,0,0,0,502,0,13,66,1345,0,0,0,0,197,0,557,0,3071,0,0,20279,0,0,2496,0,0,1472,247,47,0,0,33618,4938,0,0,0,0,0,0,0,0,0,0,0,0,0,0,0,0,0,7517,0,0,0,0,0,0,0,0,6,0,0,1079,0,10064,12794,983,768,0,0,9,0,0,8210,744,0,0,0,0,1461,0,0,0,28,0,0,16,0,98,0,3219,445,24,0,0,0,0,0,272,0,17,0,409,0,236,8,0,0,0,14,978,12,0,0,0,71,0,25,676,0,207,0,0,0,0,0,47,3,12,156,24045,0,193,0,0,0,40,55,0,0,0,0,0,0,0,0,0,0,0,0,0,0,0,0,0,4,0,0,0,0,0,0,0,0,0,0,3513,0,0,0,0,0,0,0,0,0,8,244,0,0,0,0,7009,26721,0,0,0,0,0,0,0,0,0,0,0,0,0,0,0,798,0,0,0,41,0,4,0,3,0
C3H,1834,0,0,0,0,0,8,0,0,0,0,0,0,0,0,0,0,0,0,0,0,0,0,0,0,0,0,84,1511,8904,0,0,0,2,1734,0,562,0,93,0,0,2112,0,0,20,4,0,5619,3508,204,0,0,66156,11912,0,0,0,0,0,0,0,0,0,0,0,0,0,0,0,0,0,2326,0,0,0,0,0,0,0,0,56,0,0,0,0,36705,40957,4771,1627,0,0,45,0,0,12017,3867,0,5,0,0,17601,0,0,0,0,0,0,0,0,118,0,4424,1371,0,20,0,0,9,0,408,0,137,13,0,0,2296,0,0,0,0,10,1097,23,9,13,0,200,0,21,392,0,294,0,0,0,0,0,94,0,47,638,539,0,34,0,0,0,29,92,0,0,0,0,0,0,0,0,0,0,0,0,0,0,0,0,0,2,0,0,0,0,0,2,0,0,0,0,15245,0,0,0,0,0,0,0,0,0,8,8430,0,0,0,0,11100,66,0,6,0,0,0,0,0,17,0,0,0,0,0,0,0,8570,0,0,0,973,0,21,0,0,0
C3H,983,2,0,0,0,0,2,0,0,0,0,0,0,0,0,0,0,0,0,0,0,0,0,0,0,977,0,36,586,2176,0,0,0,3,2185,0,2499,0,679,0,0,3036,0,6,234,19,0,2650,2737,245,0,0,22203,9088,0,0,0,0,0,0,0,0,0,0,0,0,0,0,0,0,0,20615,0,0,0,0,0,0,0,0,0,0,0,15,0,8905,14578,248,1108,0,0,0,0,0,17134,4900,0,0,0,0,1802,0,0,0,0,0,17,0,0,431,0,12497,1413,0,0,0,0,0,0,1607,0,92,0,0,20,1485,34,0,0,0,0,2450,33,34,99,0,224,0,294,5447,0,1290,0,0,0,0,0,296,32,21,45,3930,0,66,0,0,0,10,33,0,0,0,0,0,0,0,0,0,0,0,0,0,0,0,0,0,0,0,0,0,0,0,0,0,0,0,0,2210,0,0,0,0,0,0,0,0,0,248,1207,0,0,0,5,26153,63,0,0,0,0,0,0,0,0,0,0,0,0,0,0,0,4673,0,0,5,528,0,0,0,0,0
C3H,2281,2,0,0,0,0,0,0,0,0,0,0,0,0,0,0,0,0,0,0,0,0,0,0,0,1731,0,35,439,4564,0,0,0,0,4180,0,2281,29,383,0,0,2813,20,54,195,443,2,7208,399,1197,0,0,51566,16248,0,0,0,0,0,0,0,0,0,0,0,0,0,0,0,0,0,2910,0,2,0,0,0,0,0,0,0,0,0,0,0,17984,30078,3647,809,0,0,12,0,0,31998,8146,4,3,0,0,514,0,6,0,0,0,0,0,0,471,0,14019,973,1186,57,0,0,0,0,2554,0,284,0,2663,17,2108,43,0,0,0,0,2505,395,0,72,0,116,0,773,7108,12,1295,0,0,0,0,0,458,56,165,38,2666,0,98,0,0,0,59,225,0,0,0,0,0,0,0,0,0,0,0,0,0,0,0,0,0,4,0,0,0,0,0,0,0,0,0,0,1660,0,0,0,0,0,0,0,0,0,271,2789,0,0,0,0,23290,9,0,0,0,0,0,0,0,0,0,0,0,0,0,0,0,6111,0,0,4,5147,0,30,0,0,0
C3H,437,0,0,0,0,0,0,0,0,0,0,0,0,0,0,0,0,0,0,0,0,0,0,0,0,782,0,57,1316,6125,0,0,0,0,2372,0,2986,0,2488,0,0,2819,14,21,252,103,0,1637,741,754,0,0,34897,3539,0,0,0,0,0,0,0,0,0,0,0,0,0,0,0,0,0,596,0,2,0,0,0,0,0,0,10,0,0,33,0,17034,14116,1561,1703,0,0,10,0,0,4656,918,0,0,0,0,340,0,0,0,0,0,0,0,0,55,0,3370,287,182,15,0,0,0,0,114,0,21,0,115,168,634,0,0,0,0,0,433,21,0,14,0,58,0,36,288,0,74,0,0,0,0,0,38,0,7,23,1805,0,78,0,0,0,15,41,0,0,0,0,0,0,0,0,0,0,0,0,0,0,0,0,0,0,0,0,0,0,0,0,0,0,0,0,3863,0,0,0,0,0,0,0,0,0,0,1255,0,0,0,0,12070,78,0,0,0,0,0,0,0,0,0,0,0,0,0,0,0,1418,0,0,0,249,0,30,0,0,0
C3H,329,0,0,0,0,0,0,0,0,0,0,0,0,0,0,0,0,0,0,0,0,0,0,0,0,1564,0,22,914,2760,0,0,0,0,7080,0,2940,12,619,0,0,3410,0,19,277,266,0,3247,1332,616,0,0,29039,4832,0,0,0,0,0,0,0,0,0,0,0,0,0,0,0,0,0,150,0,2,0,0,0,0,0,0,0,0,0,7,0,15662,23329,1409,1260,0,0,16,0,0,8833,1602,0,0,0,0,150,0,0,0,0,0,0,0,0,100,0,5038,734,634,12,0,0,0,0,268,0,89,0,1849,0,1342,7,0,0,0,0,1328,46,0,13,0,112,0,175,2022,0,314,0,0,0,0,0,153,11,49,282,3624,0,76,0,0,0,22,39,0,0,0,0,0,0,0,0,0,0,0,0,0,0,0,0,0,0,0,0,0,0,0,0,0,0,0,0,3922,0,0,0,0,0,0,0,0,0,119,927,0,0,0,0,15917,68,0,0,0,0,0,0,0,0,0,0,0,0,0,0,0,1645,0,0,0,1920,0,0,0,0,0
C3H,1009,0,0,0,0,0,0,0,0,0,0,0,0,0,0,0,0,0,0,0,0,0,0,0,0,1265,0,26,381,3633,0,0,0,0,12336,0,5364,9,165,0,0,4215,0,85,305,618,0,5621,1400,2570,0,0,52663,5598,0,0,0,0,0,0,0,0,0,0,0,0,0,0,0,0,0,318,0,0,0,0,0,0,0,0,0,0,0,8,0,13663,12188,1693,873,0,0,9,0,0,25036,6243,9,4,0,0,47,0,4,0,0,0,0,0,0,421,0,15346,513,2240,25,0,0,0,0,1435,0,139,0,1647,93,2205,55,0,0,0,0,2925,204,0,67,0,131,0,1967,8320,27,1096,0,0,0,0,0,537,90,56,34,1589,0,167,0,0,0,12,21,0,0,0,0,0,0,0,0,0,0,0,0,0,0,0,0,0,0,0,0,0,0,0,0,0,0,0,0,3042,0,0,0,0,0,0,0,0,0,389,3487,0,0,0,0,9134,66,0,0,0,0,0,0,0,0,0,0,0,0,0,0,0,3657,0,0,0,5187,0,12,0,0,0
