Fold,Seed,Prob,Label
1,1,0.956,C3H
1,1,0.959,C3H
1,1,0.883,C3H
1,1,0.8132,C3H
1,1,0.1406,CC027
1,1,0.0776,CC027
1,1,0.03,CC027
1,1,0.0078,CC027
2,1,0.9786,C3H
2,1,0.9014,C3H
2,1,0.9322,C3H
2,1,0.9848,C3H
2,1,0.0558,CC027
2,1,0.0378,CC027
2,1,0.0316,CC027
2,1,0.1182,CC027
3,1,0.936,C3H
3,1,0.925,C3H
3,1,0.8226,C3H
3,1,0.0832,CC027
3,1,0.0174,CC027
3,1,0.0914,CC027
3,1,0.252,CC027
4,1,0.9716,C3H
4,1,0.8382,C3H
4,1,0.9672,C3H
4,1,0.9096,C3H
4,1,0.14,CC027
4,1,0.0174,CC027
4,1,0.015,CC027
4,1,0.0756,CC027
5,1,0.725,C3H
5,1,0.9504,C3H
5,1,0.9892,C3H
5,1,0.9438,C3H
5,1,0.1392,CC027
5,1,0.0036,CC027
5,1,0.0566,CC027
5,1,0.0436,CC027
6,1,0.987,C3H
6,1,0.9882,C3H
6,1,0.9622,C3H
6,1,0.0414,CC027
6,1,0.0196,CC027
6,1,0.0144,CC027
6,1,0.076,CC027
6,1,0.0792,CC027
7,1,0.9714,C3H
7,1,0.9522,C3H
7,1,0.8052,C3H
7,1,0.8794,C3H
7,1,0.0196,CC027
7,1,0.0094,CC027
7,1,0.0336,CC027
7,1,0.162,CC027
7,1,0.0612,CC027
8,1,0.9822,C3H
8,1,0.9016,C3H
8,1,0.9774,C3H
8,1,0.0466,CC027
8,1,0.0144,CC027
8,1,0.004,CC027
8,1,0.0282,CC027
9,1,0.985,C3H
9,1,0.9572,C3H
9,1,0.9854,C3H
9,1,0.918,C3H
9,1,0.1702,CC027
9,1,0.0076,CC027
9,1,0.0092,CC027
9,1,0.1504,CC027
10,1,0.9558,C3H
10,1,0.972,C3H
10,1,0.9218,C3H
10,1,0.0836,CC027
10,1,0.0144,CC027
10,1,0.035,CC027
10,1,0.0562,CC027
1,2,0.966,C3H
1,2,0.9918,C3H
1,2,0.9916,C3H
1,2,0.8388,C3H
1,2,0.0692,CC027
1,2,0.0182,CC027
1,2,0.0206,CC027
1,2,0.0498,CC027
1,2,0.2398,CC027
2,2,0.934,C3H
2,2,0.9428,C3H
2,2,0.9104,C3H
2,2,0.0404,CC027
2,2,0.006,CC027
2,2,0.0556,CC027
2,2,0.0702,CC027
3,2,0.9714,C3H
3,2,0.9084,C3H
3,2,0.9244,C3H
3,2,0.0786,CC027
3,2,0.1774,CC027
3,2,0.1532,CC027
3,2,0.0036,CC027
3,2,0.0108,CC027
4,2,0.98740000000000006,C3H
4,2,0.9332,C3H
4,2,0.9906,C3H
4,2,0.0552,CC027
4,2,0.017,CC027
4,2,0.175,CC027
4,2,0.0586,CC027
5,2,0.9656,C3H
5,2,0.8736,C3H
5,2,0.9228,C3H
5,2,0.9524,C3H
5,2,0.0488,CC027
5,2,0.08,CC027
5,2,0.1196,CC027
5,2,0.039,CC027
6,2,0.8088,C3H
6,2,0.7056,C3H
6,2,0.988,C3H
6,2,0.9312,C3H
6,2,0.0526,CC027
6,2,0.0038,CC027
6,2,0.0188,CC027
6,2,0.0874,CC027
7,2,0.9462,C3H
7,2,0.77,C3H
7,2,0.9502,C3H
7,2,0.8198,C3H
7,2,0.0258,CC027
7,2,0.0262,CC027
7,2,0.0084,CC027
7,2,0.0628,CC027
8,2,0.9418,C3H
8,2,0.9714,C3H
8,2,0.9168,C3H
8,2,0.0164,CC027
8,2,0.1492,CC027
8,2,0.1412,CC027
8,2,0.0168,CC027
9,2,0.981,C3H
9,2,0.9598,C3H
9,2,0.9878,C3H
9,2,0.9878,C3H
9,2,0.0742,CC027
9,2,0.0162,CC027
9,2,0.0712,CC027
9,2,0.0776,CC027
10,2,0.9112,C3H
10,2,0.973,C3H
10,2,0.9812,C3H
10,2,0.988,C3H
10,2,0.0134,CC027
10,2,0.034,CC027
10,2,0.114,CC027
10,2,0.0222,CC027
1,3,0.9568,C3H
1,3,0.9884,C3H
1,3,0.9244,C3H
1,3,0.0798,CC027
1,3,0.0188,CC027
1,3,0.0998,CC027
1,3,0.0332,CC027
2,3,0.9832,C3H
2,3,0.938,C3H
2,3,0.715,C3H
2,3,0.9678,C3H
2,3,0.0342,CC027
2,3,0.0724,CC027
2,3,0.0112,CC027
2,3,0.042,CC027
3,3,0.825,C3H
3,3,0.979,C3H
3,3,0.9778,C3H
3,3,0.8492,C3H
3,3,0.0332,CC027
3,3,0.0082,CC027
3,3,0.0086,CC027
3,3,0.0726,CC027
4,3,0.9912,C3H
4,3,0.9062,C3H
4,3,0.9264,C3H
4,3,0.8472,C3H
4,3,0.0602,CC027
4,3,0.0492,CC027
4,3,0.018,CC027
4,3,0.1162,CC027
5,3,0.9236,C3H
5,3,0.7384,C3H
5,3,0.9858,C3H
5,3,0.7892,C3H
5,3,0.0518,CC027
5,3,0.0204,CC027
5,3,0.0688,CC027
5,3,0.059,CC027
6,3,0.9588,C3H
6,3,0.926,C3H
6,3,0.9866,C3H
6,3,0.1538,CC027
6,3,0.1384,CC027
6,3,0.1464,CC027
6,3,0.0112,CC027
7,3,0.9632,C3H
7,3,0.991,C3H
7,3,0.9738,C3H
7,3,0.9668,C3H
7,3,0.0188,CC027
7,3,0.0308,CC027
7,3,0.0144,CC027
7,3,0.069,CC027
7,3,0.0418,CC027
8,3,0.9674,C3H
8,3,0.9616,C3H
8,3,0.9114,C3H
8,3,0.945,C3H
8,3,0.0024,CC027
8,3,0.1424,CC027
8,3,0.0572,CC027
8,3,0.0872,CC027
9,3,0.9636,C3H
9,3,0.9696,C3H
9,3,0.9936,C3H
9,3,0.165,CC027
9,3,0.0052,CC027
9,3,0.0638,CC027
9,3,0.2652,CC027
10,3,0.9332,C3H
10,3,0.9032,C3H
10,3,0.9188,C3H
10,3,0.0136,CC027
10,3,0.0124,CC027
10,3,0.0214,CC027
10,3,0.0062,CC027
10,3,0.0538,CC027
1,4,0.962,C3H
1,4,0.955,C3H
1,4,0.9074,C3H
1,4,0.0144,CC027
1,4,0.0308,CC027
1,4,0.1076,CC027
1,4,0.0444,CC027
2,4,0.9616,C3H
2,4,0.989,C3H
2,4,0.9814,C3H
2,4,0.054,CC027
2,4,0.1464,CC027
2,4,0.0044,CC027
2,4,0.0658,CC027
3,4,0.9814,C3H
3,4,0.968,C3H
3,4,0.9038,C3H
3,4,0.8122,C3H
3,4,0.0342,CC027
3,4,0.003,CC027
3,4,0.0154,CC027
3,4,0.0668,CC027
4,4,0.9908,C3H
4,4,0.9642,C3H
4,4,0.981,C3H
4,4,0.8204,C3H
4,4,0.1462,CC027
4,4,0.014,CC027
4,4,0.0176,CC027
4,4,0.0182,CC027
5,4,0.7386,C3H
5,4,0.9646,C3H
5,4,0.926,C3H
5,4,0.0806,CC027
5,4,0.0214,CC027
5,4,0.0266,CC027
5,4,0.0468,CC027
5,4,0.2526,CC027
6,4,0.9468,C3H
6,4,0.9848,C3H
6,4,0.9154,C3H
6,4,0.0484,CC027
6,4,0.0516,CC027
6,4,0.0144,CC027
6,4,0.0638,CC027
7,4,0.9114,C3H
7,4,0.9056,C3H
7,4,0.9732,C3H
7,4,0.9854,C3H
7,4,0.0032,CC027
7,4,0.0258,CC027
7,4,0.0662,CC027
7,4,0.0946,CC027
8,4,0.816,C3H
8,4,0.9798,C3H
8,4,0.9052,C3H
8,4,0.9732,C3H
8,4,0.0534,CC027
8,4,0.0122,CC027
8,4,0.0142,CC027
8,4,0.0698,CC027
9,4,0.7952,C3H
9,4,0.9794,C3H
9,4,0.886,C3H
9,4,0.9026,C3H
9,4,0.1106,CC027
9,4,0.0686,CC027
9,4,0.1612,CC027
9,4,0.0682,CC027
9,4,0.1388,CC027
10,4,0.9444,C3H
10,4,0.9496,C3H
10,4,0.9524,C3H
10,4,0.9652,C3H
10,4,0.136,CC027
10,4,0.1504,CC027
10,4,0.0096,CC027
10,4,0.0106,CC027
1,5,0.927,C3H
1,5,0.9144,C3H
1,5,0.9016,C3H
1,5,0.8444,C3H
1,5,0.0356,CC027
1,5,0.0118,CC027
1,5,0.0742,CC027
1,5,0.014,CC027
2,5,0.977,C3H
2,5,0.9594,C3H
2,5,0.954,C3H
2,5,0.983,C3H
2,5,0.053,CC027
2,5,0.14,CC027
2,5,0.021,CC027
2,5,0.1644,CC027
3,5,0.9326,C3H
3,5,0.9364,C3H
3,5,0.7946,C3H
3,5,0.962,C3H
3,5,0.054,CC027
3,5,0.0124,CC027
3,5,0.0178,CC027
3,5,0.0582,CC027
4,5,0.9842,C3H
4,5,0.994,C3H
4,5,0.9142,C3H
4,5,0.0108,CC027
4,5,0.005,CC027
4,5,0.0668,CC027
4,5,0.0668,CC027
5,5,0.9862,C3H
5,5,0.9882,C3H
5,5,0.8454,C3H
5,5,0.1528,CC027
5,5,0.017,CC027
5,5,0.0226,CC027
5,5,0.028,CC027
5,5,0.0676,CC027
6,5,0.8176,C3H
6,5,0.952,C3H
6,5,0.8954,C3H
6,5,0.9506,C3H
6,5,0.1408,CC027
6,5,0.0142,CC027
6,5,0.0436,CC027
6,5,0.019,CC027
6,5,0.0112,CC027
7,5,0.9822,C3H
7,5,0.9018,C3H
7,5,0.9902,C3H
7,5,0.9708,C3H
7,5,0.0808,CC027
7,5,0.005,CC027
7,5,0.1026,CC027
7,5,0.1142,CC027
8,5,0.9932,C3H
8,5,0.8794,C3H
8,5,0.9582,C3H
8,5,0.0426,CC027
8,5,0.0208,CC027
8,5,0.0216,CC027
8,5,0.0446,CC027
9,5,0.9602,C3H
9,5,0.752,C3H
9,5,0.9246,C3H
9,5,0.9812,C3H
9,5,0.1076,CC027
9,5,0.0624,CC027
9,5,0.0546,CC027
9,5,0.2454,CC027
10,5,0.9606,C3H
10,5,0.9532,C3H
10,5,0.9252,C3H
10,5,0.1402,CC027
10,5,0.0308,CC027
10,5,0.0558,CC027
10,5,0.1208,CC027
1,6,0.966,C3H
1,6,0.9376,C3H
1,6,0.9462,C3H
1,6,0.8082,C3H
1,6,0.0472,CC027
1,6,0.0204,CC027
1,6,0.0308,CC027
1,6,0.059,CC027
2,6,0.934,C3H
2,6,0.98,C3H
2,6,0.9194,C3H
2,6,0.146,CC027
2,6,0.0144,CC027
2,6,0.0802,CC027
2,6,0.017,CC027
2,6,0.0058,CC027
3,6,0.835,C3H
3,6,0.9614,C3H
3,6,0.9272,C3H
3,6,0.9708,C3H
3,6,0.151,CC027
3,6,0.063,CC027
3,6,0.009,CC027
3,6,0.0058,CC027
3,6,0.0438,CC027
4,6,0.9292,C3H
4,6,0.7776,C3H
4,6,0.944,C3H
4,6,0.9514,C3H
4,6,0.0794,CC027
4,6,0.0198,CC027
4,6,0.1446,CC027
4,6,0.0492,CC027
5,6,0.9788,C3H
5,6,0.927,C3H
5,6,0.9898,C3H
5,6,0.8828,C3H
5,6,0.0414,CC027
5,6,0.0122,CC027
5,6,0.1064,CC027
5,6,0.0238,CC027
6,6,0.8856,C3H
6,6,0.9048,C3H
6,6,0.901,C3H
6,6,0.0094,CC027
6,6,0.0186,CC027
6,6,0.0186,CC027
6,6,0.069,CC027
7,6,0.9654,C3H
7,6,0.9108,C3H
7,6,0.7368,C3H
7,6,0.008,CC027
7,6,0.071,CC027
7,6,0.1462,CC027
7,6,0.071,CC027
8,6,0.9756,C3H
8,6,0.958,C3H
8,6,0.987,C3H
8,6,0.9864,C3H
8,6,0.0318,CC027
8,6,0.0126,CC027
8,6,0.0114,CC027
8,6,0.0596,CC027
9,6,0.985,C3H
9,6,0.9928,C3H
9,6,0.97,C3H
9,6,0.8554,C3H
9,6,0.0606,CC027
9,6,0.0258,CC027
9,6,0.0648,CC027
9,6,0.2518,CC027
10,6,0.9636,C3H
10,6,0.9918,C3H
10,6,0.9892,C3H
10,6,0.162,CC027
10,6,0.029,CC027
10,6,0.0926,CC027
10,6,0.1198,CC027
1,7,0.9898,C3H
1,7,0.974,C3H
1,7,0.9242,C3H
1,7,0.0578,CC027
1,7,0.018,CC027
1,7,0.0118,CC027
1,7,0.086,CC027
2,7,0.9668,C3H
2,7,0.8956,C3H
2,7,0.9506,C3H
2,7,0.8606,C3H
2,7,0.0756,CC027
2,7,0.1406,CC027
2,7,0.0444,CC027
2,7,0.0556,CC027
2,7,0.0682,CC027
3,7,0.9568,C3H
3,7,0.9608,C3H
3,7,0.8874,C3H
3,7,0.8312,C3H
3,7,0.0694,CC027
3,7,0.043,CC027
3,7,0.0154,CC027
3,7,0.0434,CC027
4,7,0.98740000000000006,C3H
4,7,0.9006,C3H
4,7,0.9088,C3H
4,7,0.9746,C3H
4,7,0.0132,CC027
4,7,0.015,CC027
4,7,0.0044,CC027
4,7,0.1604,CC027
5,7,0.937,C3H
5,7,0.958,C3H
5,7,0.9812,C3H
5,7,0.0208,CC027
5,7,0.057,CC027
5,7,0.2524,CC027
5,7,0.0808,CC027
6,7,0.831,C3H
6,7,0.9816,C3H
6,7,0.9582,C3H
6,7,0.9852,C3H
6,7,0.0176,CC027
6,7,0.154,CC027
6,7,0.0096,CC027
6,7,0.1254,CC027
7,7,0.9562,C3H
7,7,0.907,C3H
7,7,0.9066,C3H
7,7,0.9836,C3H
7,7,0.0176,CC027
7,7,0.0102,CC027
7,7,0.0126,CC027
7,7,0.1316,CC027
8,7,0.936,C3H
8,7,0.7356,C3H
8,7,0.9592,C3H
8,7,0.1402,CC027
8,7,0.0296,CC027
8,7,0.088,CC027
8,7,0.0798,CC027
9,7,0.9584,C3H
9,7,0.7848,C3H
9,7,0.9876,C3H
9,7,0.0034,CC027
9,7,0.0076,CC027
9,7,0.0746,CC027
9,7,0.041,CC027
9,7,0.025,CC027
10,7,0.953,C3H
10,7,0.9852,C3H
10,7,0.9842,C3H
10,7,0.8124,C3H
10,7,0.1514,CC027
10,7,0.0218,CC027
10,7,0.0038,CC027
10,7,0.066,CC027
1,8,0.9414,C3H
1,8,0.9476,C3H
1,8,0.9696,C3H
1,8,0.0106,CC027
1,8,0.0328,CC027
1,8,0.0674,CC027
1,8,0.2646,CC027
2,8,0.9426,C3H
2,8,0.7196,C3H
2,8,0.8772,C3H
2,8,0.9178,C3H
2,8,0.0616,CC027
2,8,0.0028,CC027
2,8,0.0156,CC027
2,8,0.0348,CC027
3,8,0.9854,C3H
3,8,0.9894,C3H
3,8,0.9506,C3H
3,8,0.1574,CC027
3,8,0.0578,CC027
3,8,0.013,CC027
3,8,0.1338,CC027
3,8,0.0806,CC027
4,8,0.8762,C3H
4,8,0.9624,C3H
4,8,0.9824,C3H
4,8,0.9018,C3H
4,8,0.0116,CC027
4,8,0.0124,CC027
4,8,0.0116,CC027
4,8,0.0502,CC027
5,8,0.9298,C3H
5,8,0.9748,C3H
5,8,0.9884,C3H
5,8,0.0038,CC027
5,8,0.0156,CC027
5,8,0.0208,CC027
5,8,0.0722,CC027
6,8,0.9644,C3H
6,8,0.9882,C3H
6,8,0.975,C3H
6,8,0.1626,CC027
6,8,0.1072,CC027
6,8,0.0242,CC027
6,8,0.0584,CC027
7,8,0.9632,C3H
7,8,0.77,C3H
7,8,0.9176,C3H
7,8,0.9102,C3H
7,8,0.0512,CC027
7,8,0.041,CC027
7,8,0.0092,CC027
7,8,0.0426,CC027
8,8,0.9762,C3H
8,8,0.8706,C3H
8,8,0.8452,C3H
8,8,0.987,C3H
8,8,0.071,CC027
8,8,0.0406,CC027
8,8,0.0042,CC027
8,8,0.0336,CC027
9,8,0.961,C3H
9,8,0.952,C3H
9,8,0.9912,C3H
9,8,0.8234,C3H
9,8,0.032,CC027
9,8,0.1446,CC027
9,8,0.0796,CC027
9,8,0.0816,CC027
9,8,0.067,CC027
10,8,0.8408,C3H
10,8,0.9792,C3H
10,8,0.9232,C3H
10,8,0.969,C3H
10,8,0.1452,CC027
10,8,0.0112,CC027
10,8,0.175,CC027
10,8,0.073,CC027
1,9,0.953,C3H
1,9,0.9762,C3H
1,9,0.9348,C3H
1,9,0.049,CC027
1,9,0.0198,CC027
1,9,0.0692,CC027
1,9,0.0426,CC027
2,9,0.9624,C3H
2,9,0.973,C3H
2,9,0.9824,C3H
2,9,0.011,CC027
2,9,0.0128,CC027
2,9,0.0616,CC027
2,9,0.0772,CC027
3,9,0.959,C3H
3,9,0.7862,C3H
3,9,0.973,C3H
3,9,0.8346,C3H
3,9,0.0184,CC027
3,9,0.0278,CC027
3,9,0.0866,CC027
3,9,0.245,CC027
4,9,0.9852,C3H
4,9,0.7494,C3H
4,9,0.9868,C3H
4,9,0.9518,C3H
4,9,0.0186,CC027
4,9,0.1472,CC027
4,9,0.1214,CC027
4,9,0.145,CC027
5,9,0.9384,C3H
5,9,0.9014,C3H
5,9,0.9792,C3H
5,9,0.8528,C3H
5,9,0.0908,CC027
5,9,0.0356,CC027
5,9,0.0342,CC027
5,9,0.0606,CC027
6,9,0.9462,C3H
6,9,0.9012,C3H
6,9,0.9864,C3H
6,9,0.9666,C3H
6,9,0.012,CC027
6,9,0.13,CC027
6,9,0.0546,CC027
6,9,0.034,CC027
7,9,0.9928,C3H
7,9,0.925,C3H
7,9,0.9804,C3H
7,9,0.8574,C3H
7,9,0.0488,CC027
7,9,0.0348,CC027
7,9,0.0742,CC027
7,9,0.0754,CC027
7,9,0.0832,CC027
8,9,0.9654,C3H
8,9,0.929,C3H
8,9,0.9502,C3H
8,9,0.907,C3H
8,9,0.0378,CC027
8,9,0.0036,CC027
8,9,0.0188,CC027
8,9,0.0202,CC027
9,9,0.8368,C3H
9,9,0.9558,C3H
9,9,0.9282,C3H
9,9,0.0154,CC027
9,9,0.0036,CC027
9,9,0.014,CC027
9,9,0.0622,CC027
10,9,0.9444,C3H
10,9,0.987,C3H
10,9,0.9222,C3H
10,9,0.1948,CC027
10,9,0.1504,CC027
10,9,0.0108,CC027
10,9,0.0062,CC027
10,9,0.1974,CC027
1,10,0.9606,C3H
1,10,0.9884,C3H
1,10,0.9706,C3H
1,10,0.0326,CC027
1,10,0.0134,CC027
1,10,0.0082,CC027
1,10,0.0352,CC027
2,10,0.9022,C3H
2,10,0.9902,C3H
2,10,0.9058,C3H
2,10,0.9622,C3H
2,10,0.007,CC027
2,10,0.145,CC027
2,10,0.2484,CC027
2,10,0.0826,CC027
3,10,0.9522,C3H
3,10,0.8024,C3H
3,10,0.9828,C3H
3,10,0.8806,C3H
3,10,0.0094,CC027
3,10,0.005,CC027
3,10,0.07,CC027
3,10,0.0658,CC027
4,10,0.9698,C3H
4,10,0.9788,C3H
4,10,0.9324,C3H
4,10,0.062,CC027
4,10,0.016,CC027
4,10,0.0454,CC027
4,10,0.054,CC027
5,10,0.9042,C3H
5,10,0.9098,C3H
5,10,0.8014,C3H
5,10,0.0564,CC027
5,10,0.1416,CC027
5,10,0.1094,CC027
5,10,0.0762,CC027
6,10,0.9866,C3H
6,10,0.975,C3H
6,10,0.9336,C3H
6,10,0.9158,C3H
6,10,0.0912,CC027
6,10,0.1692,CC027
6,10,0.0358,CC027
6,10,0.1826,CC027
7,10,0.9456,C3H
7,10,0.9868,C3H
7,10,0.9698,C3H
7,10,0.9858,C3H
7,10,0.144,CC027
7,10,0.0038,CC027
7,10,0.0204,CC027
7,10,0.0162,CC027
8,10,0.9604,C3H
8,10,0.9494,C3H
8,10,0.7326,C3H
8,10,0.9568,C3H
8,10,0.0538,CC027
8,10,0.0104,CC027
8,10,0.028,CC027
8,10,0.0632,CC027
8,10,0.0612,CC027
9,10,0.8182,C3H
9,10,0.986,C3H
9,10,0.9146,C3H
9,10,0.9862,C3H
9,10,0.0086,CC027
9,10,0.0834,CC027
9,10,0.016,CC027
9,10,0.0202,CC027
9,10,0.0696,CC027
10,10,0.969,C3H
10,10,0.9534,C3H
10,10,0.8434,C3H
10,10,0.0248,CC027
10,10,0.14,CC027
10,10,0.0442,CC027
10,10,0.0604,CC027
1,11,0.96,C3H
1,11,0.9006,C3H
1,11,0.9826,C3H
1,11,0.8628,C3H
1,11,0.017,CC027
1,11,0.0132,CC027
1,11,0.021,CC027
1,11,0.0658,CC027
2,11,0.945,C3H
2,11,0.9894,C3H
2,11,0.9768,C3H
2,11,0.98740000000000006,C3H
2,11,0.1342,CC027
2,11,0.0198,CC027
2,11,0.0532,CC027
2,11,0.0138,CC027
2,11,0.0568,CC027
3,11,0.9818,C3H
3,11,0.95,C3H
3,11,0.919,C3H
3,11,0.0544,CC027
3,11,0.0388,CC027
3,11,0.1184,CC027
3,11,0.0344,CC027
4,11,0.9936,C3H
4,11,0.9766,C3H
4,11,0.9766,C3H
4,11,0.0336,CC027
4,11,0.0716,CC027
4,11,0.0194,CC027
4,11,0.2498,CC027
5,11,0.9616,C3H
5,11,0.9096,C3H
5,11,0.942,C3H
5,11,0.9558,C3H
5,11,0.0492,CC027
5,11,0.0108,CC027
5,11,0.0702,CC027
5,11,0.0256,CC027
5,11,0.162,CC027
6,11,0.8936,C3H
6,11,0.9792,C3H
6,11,0.8348,C3H
6,11,0.041,CC027
6,11,0.1506,CC027
6,11,0.0034,CC027
6,11,0.0964,CC027
7,11,0.942,C3H
7,11,0.9462,C3H
7,11,0.7242,C3H
7,11,0.9868,C3H
7,11,0.179,CC027
7,11,0.093,CC027
7,11,0.0068,CC027
7,11,0.0132,CC027
8,11,0.8314,C3H
8,11,0.9592,C3H
8,11,0.9168,C3H
8,11,0.7928,C3H
8,11,0.0158,CC027
8,11,0.0136,CC027
8,11,0.0058,CC027
8,11,0.0628,CC027
9,11,0.9062,C3H
9,11,0.982,C3H
9,11,0.8,C3H
9,11,0.1612,CC027
9,11,0.0272,CC027
9,11,0.0554,CC027
9,11,0.0794,CC027
10,11,0.9546,C3H
10,11,0.914,C3H
10,11,0.9054,C3H
10,11,0.9848,C3H
10,11,0.0882,CC027
10,11,0.0034,CC027
10,11,0.1158,CC027
10,11,0.082,CC027
1,12,0.8788,C3H
1,12,0.9258,C3H
1,12,0.8556,C3H
1,12,0.0584,CC027
1,12,0.10780000000000001,CC027
1,12,0.1594,CC027
1,12,0.251,CC027
2,12,0.9726,C3H
2,12,0.9266,C3H
2,12,0.9818,C3H
2,12,0.9842,C3H
2,12,0.0138,CC027
2,12,0.028,CC027
2,12,0.0666,CC027
2,12,0.0478,CC027
3,12,0.9624,C3H
3,12,0.945,C3H
3,12,0.9126,C3H
3,12,0.9736,C3H
3,12,0.048,CC027
3,12,0.017,CC027
3,12,0.0094,CC027
3,12,0.0656,CC027
